lang,id,speaker_id,gender,duration_sec,sample_rate,n_words,n_chars
lin,lin_24754,4rz2JZIZrUfKaxu5d9zdgrT2B1v1,Female,1.01075,48000,25,136
lin,lin_24796,4rz2JZIZrUfKaxu5d9zdgrT2B1v1,Female,1.01075,48000,18,100
lin,lin_24732,OWDZrFDhl8g2R3lZ7encCuWVrFz1,Female,16.29875,48000,37,205
lin,lin_24781,OWDZrFDhl8g2R3lZ7encCuWVrFz1,Female,15.38675,48000,24,148
lin,lin_24790,FzdvGMcP1mY2v86Jh5RDAqygN1p1,Female,16.34675,48000,21,113
lin,lin_24700,OWDZrFDhl8g2R3lZ7encCuWVrFz1,Female,18.69875,48000,44,247
lin,lin_24718,aBjQ2BKMCoUIeOIwENeRTCdC5vB2,Male,20.90675,48000,20,124
lin,lin_24709,ywYeqEpSB0fAQFMBPhaa0FAUXJi2,Male,20.18675,48000,32,187
lin,lin_24789,aBjQ2BKMCoUIeOIwENeRTCdC5vB2,Male,23.66675,48000,31,170
lin,lin_24762,9J0Xo69bgkhk1s5SeLdLH9UQQC22,Male,25.34675,48000,42,210
lin,lin_24724,IFY5x0PvZMdaqZZRUxa34oJVcR62,Female,29.54675,48000,73,401
lin,lin_32211,4rz2JZIZrUfKaxu5d9zdgrT2B1v1,Female,1.01075,48000,29,147
lin,lin_32204,FzdvGMcP1mY2v86Jh5RDAqygN1p1,Female,14.78675,48000,18,95
lin,lin_32208,OWDZrFDhl8g2R3lZ7encCuWVrFz1,Female,15.26675,48000,22,116
lin,lin_32215,7QA9IolFYSQn2wQycNPqW3hgzUC3,Female,14.78675,48000,25,146
lin,lin_32267,pZ31aJ99C7ffYq9JvakJARMO4jo2,male,15.93875,48000,38,221
lin,lin_32207,XsM6resN7dTwkeiy6KJ5FRPLYk42,Male,18.38675,48000,22,113
lin,lin_32281,OWDZrFDhl8g2R3lZ7encCuWVrFz1,Female,20.30675,48000,43,229
lin,lin_32274,VO87bzdtXAQ9znHN7tAq7Yx3Lu92,Male,21.09875,48000,21,113
lin,lin_32264,pZ31aJ99C7ffYq9JvakJARMO4jo2,male,27.14675,48000,71,355
lin,lin_69411,WbYquUom8beX8nlTXQRtJAdCIDz2,Female,1.01075,48000,12,65
lin,lin_69462,4rz2JZIZrUfKaxu5d9zdgrT2B1v1,Female,1.01075,48000,22,109
lin,lin_69441,PkdQls7DJhP0hCYgWYQZLpLX97I2,Female,15.33875,48000,19,94
lin,lin_69498,OWDZrFDhl8g2R3lZ7encCuWVrFz1,Female,17.37875,48000,29,164
lin,lin_69452,VXMej8X08qbLdCcJEwpiIw0JGQr1,Male,20.06675,48000,41,228
lin,lin_69440,9J0Xo69bgkhk1s5SeLdLH9UQQC22,Male,19.65875,48000,28,174
lin,lin_69427,1QCzigweYBWBqtunTpm49It9KYx2,Male,20.06675,48000,22,122
lin,lin_69486,OWDZrFDhl8g2R3lZ7encCuWVrFz1,Female,18.81875,48000,25,142
lin,lin_69473,9J0Xo69bgkhk1s5SeLdLH9UQQC22,Male,22.05875,48000,11,55
lin,lin_69402,34jJTV4jITUWLMKvugE1OGTvEVr2,Female,24.57875,48000,36,187
lin,lin_69480,BJJZeZLdZkX10jOSnFR1yUy6JVC3,Male,33.14675,48000,62,328
lin,lin_42140,4rz2JZIZrUfKaxu5d9zdgrT2B1v1,Female,1.01075,48000,12,69
lin,lin_42107,IFY5x0PvZMdaqZZRUxa34oJVcR62,Female,15.57875,48000,5,34
lin,lin_42108,S4RKuQBSBtUaUz9d3SxD8HkOIep2,Female,15.02675,48000,20,112
lin,lin_42192,FzdvGMcP1mY2v86Jh5RDAqygN1p1,Female,14.73875,48000,14,94
lin,lin_42182,PkdQls7DJhP0hCYgWYQZLpLX97I2,Female,15.33875,48000,28,144
lin,lin_42138,OWDZrFDhl8g2R3lZ7encCuWVrFz1,Female,16.46675,48000,28,145
lin,lin_42186,S4RKuQBSBtUaUz9d3SxD8HkOIep2,Female,15.02675,48000,13,85
lin,lin_42184,S4RKuQBSBtUaUz9d3SxD8HkOIep2,Female,15.14675,48000,17,91
lin,lin_42141,MBLCohydbGXVbVl62lOnV8yqvp72,Female,17.90675,48000,27,157
lin,lin_42188,7QA9IolFYSQn2wQycNPqW3hgzUC3,Female,16.82675,48000,27,140
lin,lin_42102,asGtwyYM4tWzaVTvCEE9fx4t2Lw1,Female,19.41875,48000,7,32
lin,lin_42189,fJPVJb13g9NNh21t1hC6cGLjOHD3,Male,17.66675,48000,19,94
lin,lin_42164,cwQbBoH8csVMmnKt3cPCmZt6jC43,Male,19.10675,48000,17,85
lin,lin_42122,BJJZeZLdZkX10jOSnFR1yUy6JVC3,Male,20.73875,48000,34,180
lin,lin_42135,fJPVJb13g9NNh21t1hC6cGLjOHD3,Male,20.90675,48000,36,188
lin,lin_42144,BJJZeZLdZkX10jOSnFR1yUy6JVC3,Male,22.65875,48000,38,203
lin,lin_42120,ywYeqEpSB0fAQFMBPhaa0FAUXJi2,Male,21.98675,48000,35,211
lin,lin_42197,VO87bzdtXAQ9znHN7tAq7Yx3Lu92,Male,22.65875,48000,27,140
lin,lin_55733,RPI1veNyPLXd7e8zyIHueesuFQu2,Female,1.01075,48000,12,57
lin,lin_55798,IFY5x0PvZMdaqZZRUxa34oJVcR62,Female,15.69875,48000,48,220
lin,lin_55722,aBjQ2BKMCoUIeOIwENeRTCdC5vB2,Male,18.57875,48000,22,116
lin,lin_55787,OWDZrFDhl8g2R3lZ7encCuWVrFz1,Female,17.25875,48000,36,186
lin,lin_55784,IFY5x0PvZMdaqZZRUxa34oJVcR62,Female,19.29875,48000,18,127
lin,lin_55721,9J0Xo69bgkhk1s5SeLdLH9UQQC22,Male,28.34675,48000,40,221
lin,lin_55773,FzdvGMcP1mY2v86Jh5RDAqygN1p1,Female,33.38675,48000,59,323
lin,lin_2756,4rz2JZIZrUfKaxu5d9zdgrT2B1v1,Female,1.01075,48000,29,139
lin,lin_2745,7QA9IolFYSQn2wQycNPqW3hgzUC3,Female,15.02675,48000,24,126
lin,lin_2755,CJmJTwFckVRm2Y5v8Z7CQhQMxYo1,Male,16.17875,48000,16,93
lin,lin_2760,JqRutZbEUEMMviepZxaaDNGMNM82,Female,15.21875,48000,20,112
lin,lin_2783,S4RKuQBSBtUaUz9d3SxD8HkOIep2,Female,16.10675,48000,15,100
lin,lin_2741,avuHt9BLfWTvuNwp3dYuRnaatFk2,Female,16.89875,48000,15,81
lin,lin_2744,XsM6resN7dTwkeiy6KJ5FRPLYk42,Male,18.62675,48000,30,161
lin,lin_2740,cwQbBoH8csVMmnKt3cPCmZt6jC43,Male,17.97875,48000,21,115
lin,lin_2772,1QCzigweYBWBqtunTpm49It9KYx2,Male,17.78675,48000,30,174
lin,lin_2797,OWDZrFDhl8g2R3lZ7encCuWVrFz1,Female,17.18675,48000,34,219
lin,lin_2769,SzM4EdWymven87NrdE5JRBhNfeZ2,Female,19.82675,48000,8,45
lin,lin_2768,BJJZeZLdZkX10jOSnFR1yUy6JVC3,Male,21.21875,48000,36,171
lin,lin_2725,ywYeqEpSB0fAQFMBPhaa0FAUXJi2,Male,22.22675,48000,40,223
lin,lin_2777,96Bs7DdStfc7RF78O26y4EvOLMy2,Female,25.53875,48000,21,127
lin,lin_2743,IFY5x0PvZMdaqZZRUxa34oJVcR62,Female,29.13875,48000,69,372
lin,lin_24604,4rz2JZIZrUfKaxu5d9zdgrT2B1v1,Female,1.01075,48000,27,137
lin,lin_24618,4rz2JZIZrUfKaxu5d9zdgrT2B1v1,Female,1.01075,48000,22,144
lin,lin_24639,2OmR5Y0KJbWRWHPHJyfQuSfM34I3,Female,17.01875,48000,25,124
lin,lin_24631,DarqiyWuApQDBMNCqdm2N7gN8vX2,male,16.46675,48000,39,187
lin,lin_24663,2OmR5Y0KJbWRWHPHJyfQuSfM34I3,Female,18.45875,48000,5,29
lin,lin_24653,7QA9IolFYSQn2wQycNPqW3hgzUC3,Female,18.57875,48000,34,171
lin,lin_24698,VXMej8X08qbLdCcJEwpiIw0JGQr1,Male,19.58675,48000,37,187
lin,lin_24654,BJJZeZLdZkX10jOSnFR1yUy6JVC3,Male,21.74675,48000,38,195
lin,lin_24602,217a3u2t6BMMytJPIXYZWyAHtNE2,Female,22.10675,48000,47,233
lin,lin_24635,QgnuSHGQZ6R2ukORVIsl1tC8wlq2,male,26.13875,48000,33,166
lin,lin_24649,9J0Xo69bgkhk1s5SeLdLH9UQQC22,Male,26.90675,48000,31,189
lin,lin_24660,MBLCohydbGXVbVl62lOnV8yqvp72,Female,27.33875,48000,48,254
lin,lin_24688,34jJTV4jITUWLMKvugE1OGTvEVr2,Female,30.38675,48000,36,241
lin,lin_24646,CJmJTwFckVRm2Y5v8Z7CQhQMxYo1,Male,32.06675,48000,49,261
lin,lin_12970,4rz2JZIZrUfKaxu5d9zdgrT2B1v1,Female,1.01075,48000,20,109
lin,lin_12926,2vowXAOWTcQLzBOaSpQVwoccG9k1,Male,15.69875,48000,20,106
lin,lin_12923,XsM6resN7dTwkeiy6KJ5FRPLYk42,Male,17.49875,48000,31,166
lin,lin_12937,2vowXAOWTcQLzBOaSpQVwoccG9k1,Male,16.41875,48000,12,64
lin,lin_12912,VXMej8X08qbLdCcJEwpiIw0JGQr1,Male,18.81875,48000,32,188
lin,lin_12942,MBLCohydbGXVbVl62lOnV8yqvp72,Female,19.29875,48000,37,200
lin,lin_12949,VXMej8X08qbLdCcJEwpiIw0JGQr1,Male,18.98675,48000,24,143
lin,lin_12917,IFeMRoJ7Z1PDWpuTHsOyk58Cakn1,Male,20.61875,48000,36,201
lin,lin_12981,1QCzigweYBWBqtunTpm49It9KYx2,Male,19.53875,48000,47,238
lin,lin_12935,BJJZeZLdZkX10jOSnFR1yUy6JVC3,Male,22.29875,48000,12,72
lin,lin_12934,OWDZrFDhl8g2R3lZ7encCuWVrFz1,Female,20.13875,48000,24,171
lin,lin_12975,cwQbBoH8csVMmnKt3cPCmZt6jC43,Male,20.42675,48000,19,115
lin,lin_12964,aBjQ2BKMCoUIeOIwENeRTCdC5vB2,Male,20.61875,48000,25,122
lin,lin_12991,217a3u2t6BMMytJPIXYZWyAHtNE2,Female,30.86675,48000,50,251
lin,lin_66321,4rz2JZIZrUfKaxu5d9zdgrT2B1v1,Female,1.01075,48000,25,144
lin,lin_66301,4rz2JZIZrUfKaxu5d9zdgrT2B1v1,Female,1.01075,48000,23,112
lin,lin_66344,4rz2JZIZrUfKaxu5d9zdgrT2B1v1,Female,1.01075,48000,4,30
lin,lin_66333,4rz2JZIZrUfKaxu5d9zdgrT2B1v1,Female,1.01075,48000,25,122
lin,lin_66312,OWDZrFDhl8g2R3lZ7encCuWVrFz1,Female,15.38675,48000,26,154
lin,lin_66317,OWDZrFDhl8g2R3lZ7encCuWVrFz1,Female,16.29875,48000,35,164
lin,lin_66379,1A30jGPQoQcLFzluanP2XEGjKsD3,Male,16.77875,48000,10,61
lin,lin_66332,2vowXAOWTcQLzBOaSpQVwoccG9k1,Male,15.74675,48000,25,132
lin,lin_66372,FzdvGMcP1mY2v86Jh5RDAqygN1p1,Female,16.94675,48000,23,113
lin,lin_66396,XBwikaaNxlPnxKEL0d2rw44hMog2,Male,18.33875,48000,38,208
lin,lin_66316,cwQbBoH8csVMmnKt3cPCmZt6jC43,Male,20.01875,48000,27,149
lin,lin_66356,MBLCohydbGXVbVl62lOnV8yqvp72,Female,20.61875,48000,38,205
lin,lin_66334,9J0Xo69bgkhk1s5SeLdLH9UQQC22,Male,22.46675,48000,29,195
lin,lin_66369,aBjQ2BKMCoUIeOIwENeRTCdC5vB2,Male,21.33875,48000,13,79
lin,lin_66315,IFY5x0PvZMdaqZZRUxa34oJVcR62,Female,24.98675,48000,16,89
lin,lin_98938,2vowXAOWTcQLzBOaSpQVwoccG9k1,Male,15.45875,48000,28,141
lin,lin_98921,JqRutZbEUEMMviepZxaaDNGMNM82,Female,15.98675,48000,26,152
lin,lin_98956,FzdvGMcP1mY2v86Jh5RDAqygN1p1,Female,15.86675,48000,12,68
lin,lin_98924,MBLCohydbGXVbVl62lOnV8yqvp72,Female,17.37875,48000,27,141
lin,lin_98908,QgnuSHGQZ6R2ukORVIsl1tC8wlq2,male,17.85875,48000,22,107
lin,lin_98966,SoRQbi27TMQyuGltKiKnUBvJlLR2,Female,16.65875,48000,32,166
lin,lin_98982,96Bs7DdStfc7RF78O26y4EvOLMy2,Female,25.17875,48000,7,37
lin,lin_98947,BJJZeZLdZkX10jOSnFR1yUy6JVC3,Male,27.14675,48000,37,193
lin,lin_27511,4rz2JZIZrUfKaxu5d9zdgrT2B1v1,Female,1.01075,48000,30,163
lin,lin_27571,bMMjekXDkzfYxq6eF2GAHFy2Ml42,Female,1.01075,48000,7,35
lin,lin_27533,2vowXAOWTcQLzBOaSpQVwoccG9k1,Male,15.57875,48000,16,81
lin,lin_27585,1A30jGPQoQcLFzluanP2XEGjKsD3,Male,16.17875,48000,30,151
lin,lin_27516,S4RKuQBSBtUaUz9d3SxD8HkOIep2,Female,16.46675,48000,17,102
lin,lin_27565,S4RKuQBSBtUaUz9d3SxD8HkOIep2,Female,14.97875,48000,23,139
lin,lin_27531,2xqeSkTET4WoveuEbhYxFWMKvkW2,Male,16.58675,48000,15,83
lin,lin_27586,JqRutZbEUEMMviepZxaaDNGMNM82,Female,17.30675,48000,28,163
lin,lin_27504,ywYeqEpSB0fAQFMBPhaa0FAUXJi2,Male,19.82675,48000,38,182
lin,lin_27564,ywYeqEpSB0fAQFMBPhaa0FAUXJi2,Male,18.14675,48000,21,123
lin,lin_27503,IFY5x0PvZMdaqZZRUxa34oJVcR62,Female,22.65875,48000,56,288
lin,lin_27597,IzzcBr7KDMWalIsY2GdsJorp39Y2,Female,21.21875,48000,37,184
lin,lin_57718,4rz2JZIZrUfKaxu5d9zdgrT2B1v1,Female,1.01075,48000,25,146
lin,lin_57781,2tHmToSLC1SmO7ztZCgXxZWz4rH2,Female,1.01075,48000,28,159
lin,lin_57749,OWDZrFDhl8g2R3lZ7encCuWVrFz1,Female,15.93875,48000,33,194
lin,lin_57761,L1rcgUuFcIODljkLHmomfxq2LHU2,Female,17.25875,48000,22,117
lin,lin_57792,FSVvCTIvsUZdjKNDyGQyxHQgiOq2,Male,15.86675,48000,13,87
lin,lin_57735,1QCzigweYBWBqtunTpm49It9KYx2,Male,21.62675,48000,29,178
lin,lin_57720,BJJZeZLdZkX10jOSnFR1yUy6JVC3,Male,25.53875,48000,47,230
lin,lin_57740,vzIPINLA7Hb17aceO6IjlaezEog1,Female,31.17875,48000,43,237
lin,lin_39618,217a3u2t6BMMytJPIXYZWyAHtNE2,Female,11.73875,48000,23,120
lin,lin_39622,OWDZrFDhl8g2R3lZ7encCuWVrFz1,Female,15.38675,48000,26,132
lin,lin_39632,ldfWBYiRPhNkV1SRWE7KkBgnen32,Male,15.38675,48000,12,63
lin,lin_39625,TJOvEMOAOiW1NdG5dmStVikYqqy1,Female,16.77875,48000,10,63
lin,lin_39623,2vowXAOWTcQLzBOaSpQVwoccG9k1,Male,15.86675,48000,16,91
lin,lin_39699,XsM6resN7dTwkeiy6KJ5FRPLYk42,Male,16.89875,48000,15,87
lin,lin_39603,QRazkXw5ySfg273MJhULVLYA1wm1,Male,19.46675,48000,24,135
lin,lin_39649,JqRutZbEUEMMviepZxaaDNGMNM82,Female,17.78675,48000,12,65
lin,lin_39662,217a3u2t6BMMytJPIXYZWyAHtNE2,Female,18.50675,48000,32,174
lin,lin_39681,QRazkXw5ySfg273MJhULVLYA1wm1,Male,21.69875,48000,40,201
lin,lin_39613,ywYeqEpSB0fAQFMBPhaa0FAUXJi2,Male,21.38675,48000,43,237
lin,lin_39651,6YGSZedAbqXEAPkncPAdWzOaztk1,female,24.50675,48000,31,178
lin,lin_39689,217a3u2t6BMMytJPIXYZWyAHtNE2,Female,24.02675,48000,40,229
lin,lin_37713,2vowXAOWTcQLzBOaSpQVwoccG9k1,Male,15.69875,48000,13,78
lin,lin_37774,MBLCohydbGXVbVl62lOnV8yqvp72,Female,13.70675,48000,20,114
lin,lin_37768,MBLCohydbGXVbVl62lOnV8yqvp72,Female,16.53875,48000,22,121
lin,lin_37753,OWDZrFDhl8g2R3lZ7encCuWVrFz1,Female,15.14675,48000,32,168
lin,lin_37726,S4RKuQBSBtUaUz9d3SxD8HkOIep2,Female,15.14675,48000,26,130
lin,lin_37728,avuHt9BLfWTvuNwp3dYuRnaatFk2,Female,16.70675,48000,16,96
lin,lin_37708,2vowXAOWTcQLzBOaSpQVwoccG9k1,Male,17.13875,48000,21,118
lin,lin_37785,217a3u2t6BMMytJPIXYZWyAHtNE2,Female,18.38675,48000,24,120
lin,lin_37735,OWDZrFDhl8g2R3lZ7encCuWVrFz1,Female,16.65875,48000,37,214
lin,lin_37700,1QCzigweYBWBqtunTpm49It9KYx2,Male,19.53875,48000,37,229
lin,lin_37784,fJPVJb13g9NNh21t1hC6cGLjOHD3,Male,19.10675,48000,13,74
lin,lin_37777,1QCzigweYBWBqtunTpm49It9KYx2,Male,19.34675,48000,37,217
lin,lin_37767,OWDZrFDhl8g2R3lZ7encCuWVrFz1,Female,21.98675,48000,43,223
lin,lin_37744,96Bs7DdStfc7RF78O26y4EvOLMy2,Female,22.89875,48000,33,174
lin,lin_37778,aBjQ2BKMCoUIeOIwENeRTCdC5vB2,Male,23.37875,48000,24,132
lin,lin_37799,BFSI6woFRodl1EEm2HUh30z6G0s1,Male,21.93875,48000,38,248
lin,lin_37741,CJmJTwFckVRm2Y5v8Z7CQhQMxYo1,Male,25.46675,48000,31,185
lin,lin_37775,96Bs7DdStfc7RF78O26y4EvOLMy2,Female,25.53875,48000,20,97
lin,lin_37755,96Bs7DdStfc7RF78O26y4EvOLMy2,Female,30.81875,48000,25,148
lin,lin_37734,96Bs7DdStfc7RF78O26y4EvOLMy2,Female,32.06675,48000,16,104
lin,lin_53418,OWDZrFDhl8g2R3lZ7encCuWVrFz1,Female,15.50675,48000,29,152
lin,lin_53493,S4RKuQBSBtUaUz9d3SxD8HkOIep2,Female,14.90675,48000,20,127
lin,lin_53437,DarqiyWuApQDBMNCqdm2N7gN8vX2,male,18.45875,48000,36,192
lin,lin_53432,MBLCohydbGXVbVl62lOnV8yqvp72,Female,17.01875,48000,29,164
lin,lin_53459,9J0Xo69bgkhk1s5SeLdLH9UQQC22,Male,18.02675,48000,18,119
lin,lin_53425,DarqiyWuApQDBMNCqdm2N7gN8vX2,male,18.50675,48000,41,199
lin,lin_53417,vzIPINLA7Hb17aceO6IjlaezEog1,Female,19.34675,48000,29,173
lin,lin_53422,XsM6resN7dTwkeiy6KJ5FRPLYk42,Male,20.30675,48000,41,213
lin,lin_53465,ywYeqEpSB0fAQFMBPhaa0FAUXJi2,Male,19.29875,48000,40,238
lin,lin_53496,fJPVJb13g9NNh21t1hC6cGLjOHD3,Male,19.41875,48000,10,51
lin,lin_53472,VO87bzdtXAQ9znHN7tAq7Yx3Lu92,Male,19.65875,48000,24,109
lin,lin_53457,BJJZeZLdZkX10jOSnFR1yUy6JVC3,Male,31.46675,48000,56,307
lin,lin_53239,RPI1veNyPLXd7e8zyIHueesuFQu2,Female,1.01075,48000,11,54
lin,lin_53285,4rz2JZIZrUfKaxu5d9zdgrT2B1v1,Female,1.01075,48000,22,104
lin,lin_53292,217a3u2t6BMMytJPIXYZWyAHtNE2,Female,14.90675,48000,24,118
lin,lin_53247,VO87bzdtXAQ9znHN7tAq7Yx3Lu92,Male,18.38675,48000,37,199
lin,lin_53253,IzzcBr7KDMWalIsY2GdsJorp39Y2,Female,17.78675,48000,30,156
lin,lin_53210,OWDZrFDhl8g2R3lZ7encCuWVrFz1,Female,17.49875,48000,40,206
lin,lin_53245,aBjQ2BKMCoUIeOIwENeRTCdC5vB2,Male,19.29875,48000,19,118
lin,lin_53278,2OmR5Y0KJbWRWHPHJyfQuSfM34I3,Female,20.49875,48000,23,132
lin,lin_53216,EPhghNjL1gaiKvKZzW194fzLXnB2,Male,21.29075,48000,7,33
lin,lin_53259,BJJZeZLdZkX10jOSnFR1yUy6JVC3,Male,27.45875,48000,46,245
lin,lin_8151,4rz2JZIZrUfKaxu5d9zdgrT2B1v1,Female,1.01075,48000,11,56
lin,lin_8176,4rz2JZIZrUfKaxu5d9zdgrT2B1v1,Female,1.01075,48000,32,164
lin,lin_8195,SOn9zS6NDwWms7yJuSIjOWQUpvJ2,Female,1.0500226757369615,44100,4,15
lin,lin_8107,MBLCohydbGXVbVl62lOnV8yqvp72,Female,13.58675,48000,20,120
lin,lin_8122,ldfWBYiRPhNkV1SRWE7KkBgnen32,Male,15.62675,48000,11,59
lin,lin_8142,OWDZrFDhl8g2R3lZ7encCuWVrFz1,Female,15.14675,48000,26,150
lin,lin_8145,OWDZrFDhl8g2R3lZ7encCuWVrFz1,Female,15.38675,48000,27,149
lin,lin_8116,JqRutZbEUEMMviepZxaaDNGMNM82,Female,16.17875,48000,21,122
lin,lin_8164,FSVvCTIvsUZdjKNDyGQyxHQgiOq2,Male,15.93875,48000,21,116
lin,lin_8179,IFY5x0PvZMdaqZZRUxa34oJVcR62,Female,15.57875,48000,23,118
lin,lin_8196,JqRutZbEUEMMviepZxaaDNGMNM82,Female,18.02675,48000,32,187
lin,lin_8121,SzM4EdWymven87NrdE5JRBhNfeZ2,Female,22.22675,48000,15,94
lin,lin_8197,BJJZeZLdZkX10jOSnFR1yUy6JVC3,Male,19.94675,48000,25,137
lin,lin_8154,1QCzigweYBWBqtunTpm49It9KYx2,Male,26.90675,48000,53,305
lin,lin_49057,FzdvGMcP1mY2v86Jh5RDAqygN1p1,Female,7.46675,48000,12,68
lin,lin_49068,7QA9IolFYSQn2wQycNPqW3hgzUC3,Female,8.30675,48000,12,68
lin,lin_49069,OWDZrFDhl8g2R3lZ7encCuWVrFz1,Female,16.17875,48000,33,176
lin,lin_49029,pZ31aJ99C7ffYq9JvakJARMO4jo2,male,17.06675,48000,38,222
lin,lin_49048,IFY5x0PvZMdaqZZRUxa34oJVcR62,Female,20.06675,48000,19,111
lin,lin_49014,FSVvCTIvsUZdjKNDyGQyxHQgiOq2,Male,18.86675,48000,25,154
lin,lin_49034,PkdQls7DJhP0hCYgWYQZLpLX97I2,Female,17.97875,48000,26,133
lin,lin_49033,JqRutZbEUEMMviepZxaaDNGMNM82,Female,16.70675,48000,17,103
lin,lin_49095,ywYeqEpSB0fAQFMBPhaa0FAUXJi2,Male,20.78675,48000,30,209
lin,lin_49012,QgnuSHGQZ6R2ukORVIsl1tC8wlq2,male,21.74675,48000,28,138
lin,lin_49020,96Bs7DdStfc7RF78O26y4EvOLMy2,Female,24.50675,48000,30,176
lin,lin_49025,FzdvGMcP1mY2v86Jh5RDAqygN1p1,Female,32.73875,48000,45,220
lin,lin_49035,1bitowTD3gdJxPXVtOX9n9G2lGz1,Male,33.50675,48000,36,208
lin,lin_7305,4rz2JZIZrUfKaxu5d9zdgrT2B1v1,Female,1.01075,48000,30,169
lin,lin_7352,34jJTV4jITUWLMKvugE1OGTvEVr2,Female,11.13875,48000,18,104
lin,lin_7357,XBwikaaNxlPnxKEL0d2rw44hMog2,Male,15.50675,48000,29,176
lin,lin_7317,OWDZrFDhl8g2R3lZ7encCuWVrFz1,Female,16.05875,48000,25,139
lin,lin_7323,XsM6resN7dTwkeiy6KJ5FRPLYk42,Male,16.77875,48000,34,183
lin,lin_7360,avuHt9BLfWTvuNwp3dYuRnaatFk2,Female,16.46675,48000,13,84
lin,lin_7311,IzzcBr7KDMWalIsY2GdsJorp39Y2,Female,17.78675,48000,27,145
lin,lin_7364,1A30jGPQoQcLFzluanP2XEGjKsD3,Male,17.06675,48000,23,138
lin,lin_7341,1A30jGPQoQcLFzluanP2XEGjKsD3,Male,17.42675,48000,34,175
lin,lin_7340,aBjQ2BKMCoUIeOIwENeRTCdC5vB2,Male,18.86675,48000,23,127
lin,lin_7396,avuHt9BLfWTvuNwp3dYuRnaatFk2,Female,16.46675,48000,7,42
lin,lin_7335,DarqiyWuApQDBMNCqdm2N7gN8vX2,male,17.78675,48000,42,223
lin,lin_7381,217a3u2t6BMMytJPIXYZWyAHtNE2,Female,18.38675,48000,25,144
lin,lin_7325,QRazkXw5ySfg273MJhULVLYA1wm1,Male,21.93875,48000,25,134
lin,lin_7326,OWDZrFDhl8g2R3lZ7encCuWVrFz1,Female,20.30675,48000,41,226
lin,lin_7347,217a3u2t6BMMytJPIXYZWyAHtNE2,Female,21.26675,48000,34,160
lin,lin_7366,BJJZeZLdZkX10jOSnFR1yUy6JVC3,Male,22.70675,48000,23,129
lin,lin_7361,1QCzigweYBWBqtunTpm49It9KYx2,Male,23.13875,48000,35,211
lin,lin_7387,ywYeqEpSB0fAQFMBPhaa0FAUXJi2,Male,22.94675,48000,34,229
lin,lin_47083,vzIPINLA7Hb17aceO6IjlaezEog1,Female,6.86675,48000,7,59
lin,lin_47040,CJmJTwFckVRm2Y5v8Z7CQhQMxYo1,Male,14.90675,48000,17,99
lin,lin_47029,217a3u2t6BMMytJPIXYZWyAHtNE2,Female,15.62675,48000,10,56
lin,lin_47062,IzzcBr7KDMWalIsY2GdsJorp39Y2,Female,16.34675,48000,24,112
lin,lin_47068,pZ31aJ99C7ffYq9JvakJARMO4jo2,male,15.69875,48000,23,144
lin,lin_47076,XsM6resN7dTwkeiy6KJ5FRPLYk42,Male,16.58675,48000,18,99
lin,lin_47012,ywYeqEpSB0fAQFMBPhaa0FAUXJi2,Male,15.98675,48000,29,177
lin,lin_47070,DarqiyWuApQDBMNCqdm2N7gN8vX2,male,18.57875,48000,34,187
lin,lin_47095,ywYeqEpSB0fAQFMBPhaa0FAUXJi2,Male,17.49875,48000,28,160
lin,lin_47078,MBLCohydbGXVbVl62lOnV8yqvp72,Female,19.70675,48000,32,177
lin,lin_47018,1QCzigweYBWBqtunTpm49It9KYx2,Male,21.45875,48000,30,175
lin,lin_47045,fJPVJb13g9NNh21t1hC6cGLjOHD3,Male,20.42675,48000,17,79
lin,lin_40655,4rz2JZIZrUfKaxu5d9zdgrT2B1v1,Female,1.01075,48000,21,106
lin,lin_40625,pZ31aJ99C7ffYq9JvakJARMO4jo2,male,15.81875,48000,38,220
lin,lin_40613,FzdvGMcP1mY2v86Jh5RDAqygN1p1,Female,15.69875,48000,21,102
lin,lin_40606,IFY5x0PvZMdaqZZRUxa34oJVcR62,Female,15.86675,48000,16,102
lin,lin_40669,XsM6resN7dTwkeiy6KJ5FRPLYk42,Male,16.34675,48000,18,129
lin,lin_40668,OWDZrFDhl8g2R3lZ7encCuWVrFz1,Female,15.98675,48000,35,197
lin,lin_40690,OWDZrFDhl8g2R3lZ7encCuWVrFz1,Female,15.57875,48000,31,170
lin,lin_40642,OWDZrFDhl8g2R3lZ7encCuWVrFz1,Female,16.41875,48000,26,137
lin,lin_40601,pZ31aJ99C7ffYq9JvakJARMO4jo2,male,17.18675,48000,27,170
lin,lin_40645,1QCzigweYBWBqtunTpm49It9KYx2,Male,17.37875,48000,8,46
lin,lin_40621,L1rcgUuFcIODljkLHmomfxq2LHU2,Female,17.73875,48000,29,166
lin,lin_40695,08heleefdKTpZK60d2kN6Ec61V43,Male,17.85875,48000,25,129
lin,lin_40641,1QCzigweYBWBqtunTpm49It9KYx2,Male,18.21875,48000,39,206
lin,lin_40635,QgnuSHGQZ6R2ukORVIsl1tC8wlq2,male,20.54675,48000,40,189
lin,lin_40644,aBjQ2BKMCoUIeOIwENeRTCdC5vB2,Male,19.70675,48000,12,65
lin,lin_40632,217a3u2t6BMMytJPIXYZWyAHtNE2,Female,22.22675,48000,36,190
lin,lin_40650,7QA9IolFYSQn2wQycNPqW3hgzUC3,Female,21.62675,48000,31,172
lin,lin_40634,BFSI6woFRodl1EEm2HUh30z6G0s1,Male,23.06675,48000,33,175
lin,lin_40630,OWDZrFDhl8g2R3lZ7encCuWVrFz1,Female,19.10675,48000,29,173
lin,lin_23794,OWDZrFDhl8g2R3lZ7encCuWVrFz1,Female,8.54675,48000,22,118
lin,lin_23717,DarqiyWuApQDBMNCqdm2N7gN8vX2,male,16.17875,48000,15,92
lin,lin_23775,217a3u2t6BMMytJPIXYZWyAHtNE2,Female,15.50675,48000,20,93
lin,lin_23776,IFY5x0PvZMdaqZZRUxa34oJVcR62,Female,15.69875,48000,13,75
lin,lin_23788,1A30jGPQoQcLFzluanP2XEGjKsD3,Male,16.58675,48000,37,177
lin,lin_23745,217a3u2t6BMMytJPIXYZWyAHtNE2,Female,15.93875,48000,27,141
lin,lin_23736,7QA9IolFYSQn2wQycNPqW3hgzUC3,Female,15.33875,48000,4,22
lin,lin_23789,1A30jGPQoQcLFzluanP2XEGjKsD3,Male,15.93875,48000,19,99
lin,lin_23713,VO87bzdtXAQ9znHN7tAq7Yx3Lu92,Male,20.49875,48000,17,103
lin,lin_23780,VO87bzdtXAQ9znHN7tAq7Yx3Lu92,Male,20.66675,48000,27,138
lin,lin_31289,4rz2JZIZrUfKaxu5d9zdgrT2B1v1,Female,1.01075,48000,33,161
lin,lin_31210,OWDZrFDhl8g2R3lZ7encCuWVrFz1,Female,15.09875,48000,26,135
lin,lin_31202,avuHt9BLfWTvuNwp3dYuRnaatFk2,Female,18.86675,48000,16,107
lin,lin_31233,XsM6resN7dTwkeiy6KJ5FRPLYk42,Male,18.86675,48000,41,191
lin,lin_31229,ywYeqEpSB0fAQFMBPhaa0FAUXJi2,Male,19.77875,48000,35,206
lin,lin_31276,ywYeqEpSB0fAQFMBPhaa0FAUXJi2,Male,20.18675,48000,17,100
lin,lin_31291,BJJZeZLdZkX10jOSnFR1yUy6JVC3,Male,20.61875,48000,14,82
lin,lin_31274,TzNS8bCPohf0LhyZTCq1x12TF9I2,Male,23.37875,48000,56,316
lin,lin_31261,BJJZeZLdZkX10jOSnFR1yUy6JVC3,Male,21.81875,48000,17,97
lin,lin_31284,yXNxvVd3JpOo9OEQMwnq1oYzXp92,Male,25.22675,48000,48,242
lin,lin_31201,BJJZeZLdZkX10jOSnFR1yUy6JVC3,Male,29.01875,48000,34,197
lin,lin_90506,4rz2JZIZrUfKaxu5d9zdgrT2B1v1,Female,1.01075,48000,33,173
lin,lin_90579,SOn9zS6NDwWms7yJuSIjOWQUpvJ2,Female,1.0500226757369615,44100,12,59
lin,lin_90551,OWDZrFDhl8g2R3lZ7encCuWVrFz1,Female,16.65875,48000,30,178
lin,lin_90539,OWDZrFDhl8g2R3lZ7encCuWVrFz1,Female,16.46675,48000,30,190
lin,lin_90572,FzdvGMcP1mY2v86Jh5RDAqygN1p1,Female,14.85875,48000,6,33
lin,lin_90549,OWDZrFDhl8g2R3lZ7encCuWVrFz1,Female,15.38675,48000,21,115
lin,lin_90522,1A30jGPQoQcLFzluanP2XEGjKsD3,Male,15.86675,48000,22,124
lin,lin_90565,OWDZrFDhl8g2R3lZ7encCuWVrFz1,Female,15.74675,48000,38,194
lin,lin_90554,DarqiyWuApQDBMNCqdm2N7gN8vX2,male,16.77875,48000,33,179
lin,lin_90581,BJJZeZLdZkX10jOSnFR1yUy6JVC3,Male,16.53875,48000,24,146
lin,lin_90511,1A30jGPQoQcLFzluanP2XEGjKsD3,Male,16.82675,48000,24,135
lin,lin_90558,FSVvCTIvsUZdjKNDyGQyxHQgiOq2,Male,15.74675,48000,17,109
lin,lin_90568,VO87bzdtXAQ9znHN7tAq7Yx3Lu92,Male,21.38675,48000,30,161
lin,lin_90535,BJJZeZLdZkX10jOSnFR1yUy6JVC3,Male,21.86675,48000,14,86
lin,lin_90534,BJJZeZLdZkX10jOSnFR1yUy6JVC3,Male,20.13875,48000,27,162
lin,lin_90578,yXNxvVd3JpOo9OEQMwnq1oYzXp92,Male,22.58675,48000,28,150
lin,lin_90556,34jJTV4jITUWLMKvugE1OGTvEVr2,Female,23.97875,48000,54,286
lin,lin_90532,1A30jGPQoQcLFzluanP2XEGjKsD3,Male,26.37875,48000,59,300
lin,lin_90566,BJJZeZLdZkX10jOSnFR1yUy6JVC3,Male,25.17875,48000,45,216
lin,lin_90548,9J0Xo69bgkhk1s5SeLdLH9UQQC22,Male,28.89875,48000,34,203
lin,lin_27753,4rz2JZIZrUfKaxu5d9zdgrT2B1v1,Female,1.01075,48000,26,139
lin,lin_27706,WbYquUom8beX8nlTXQRtJAdCIDz2,Female,1.01075,48000,11,69
lin,lin_27783,4rz2JZIZrUfKaxu5d9zdgrT2B1v1,Female,1.01075,48000,25,131
lin,lin_27708,S4RKuQBSBtUaUz9d3SxD8HkOIep2,Female,14.97875,48000,24,143
lin,lin_27702,S4RKuQBSBtUaUz9d3SxD8HkOIep2,Female,15.14675,48000,20,102
lin,lin_27726,1A30jGPQoQcLFzluanP2XEGjKsD3,Male,17.06675,48000,23,118
lin,lin_27767,7QA9IolFYSQn2wQycNPqW3hgzUC3,Female,15.38675,48000,6,37
lin,lin_27724,OWDZrFDhl8g2R3lZ7encCuWVrFz1,Female,15.74675,48000,40,214
lin,lin_27729,9J0Xo69bgkhk1s5SeLdLH9UQQC22,Male,17.25875,48000,18,109
lin,lin_27757,217a3u2t6BMMytJPIXYZWyAHtNE2,Female,15.14675,48000,24,125
lin,lin_27792,1A30jGPQoQcLFzluanP2XEGjKsD3,Male,15.81875,48000,18,97
lin,lin_27779,217a3u2t6BMMytJPIXYZWyAHtNE2,Female,17.01875,48000,30,157
lin,lin_27761,JqRutZbEUEMMviepZxaaDNGMNM82,Female,17.37875,48000,21,124
lin,lin_27722,FzdvGMcP1mY2v86Jh5RDAqygN1p1,Female,18.69875,48000,24,140
lin,lin_27704,OWDZrFDhl8g2R3lZ7encCuWVrFz1,Female,18.81875,48000,46,252
lin,lin_27760,OWDZrFDhl8g2R3lZ7encCuWVrFz1,Female,19.58675,48000,32,184
lin,lin_27791,QRazkXw5ySfg273MJhULVLYA1wm1,Male,19.70675,48000,25,145
lin,lin_27705,FzdvGMcP1mY2v86Jh5RDAqygN1p1,Female,26.06675,48000,31,174
lin,lin_98194,4rz2JZIZrUfKaxu5d9zdgrT2B1v1,Female,1.01075,48000,25,149
lin,lin_98190,6SjD3RiMIMPXPwDbtbzyS3YdNuP2,Female,1.01075,48000,7,34
lin,lin_98102,S4RKuQBSBtUaUz9d3SxD8HkOIep2,Female,15.21875,48000,22,130
lin,lin_98139,7QA9IolFYSQn2wQycNPqW3hgzUC3,Female,15.33875,48000,22,145
lin,lin_98167,S4RKuQBSBtUaUz9d3SxD8HkOIep2,Female,15.02675,48000,21,108
lin,lin_98121,IFY5x0PvZMdaqZZRUxa34oJVcR62,Female,15.57875,48000,11,53
lin,lin_98181,IFY5x0PvZMdaqZZRUxa34oJVcR62,Female,15.57875,48000,4,19
lin,lin_98178,aBjQ2BKMCoUIeOIwENeRTCdC5vB2,Male,17.18675,48000,17,86
lin,lin_98170,217a3u2t6BMMytJPIXYZWyAHtNE2,Female,16.58675,48000,12,76
lin,lin_98138,ywYeqEpSB0fAQFMBPhaa0FAUXJi2,Male,18.26675,48000,24,131
lin,lin_98123,yXNxvVd3JpOo9OEQMwnq1oYzXp92,Male,20.73875,48000,38,186
lin,lin_98199,XsM6resN7dTwkeiy6KJ5FRPLYk42,Male,17.06675,48000,24,132
lin,lin_98156,OWDZrFDhl8g2R3lZ7encCuWVrFz1,Female,20.54675,48000,46,258
lin,lin_98149,pZ31aJ99C7ffYq9JvakJARMO4jo2,male,21.57875,48000,11,75
lin,lin_98116,34jJTV4jITUWLMKvugE1OGTvEVr2,Female,28.46675,48000,52,273
lin,lin_98141,IFY5x0PvZMdaqZZRUxa34oJVcR62,Female,27.69875,48000,41,213
lin,lin_31521,1A30jGPQoQcLFzluanP2XEGjKsD3,Male,15.57875,48000,8,42
lin,lin_31526,IFY5x0PvZMdaqZZRUxa34oJVcR62,Female,15.45875,48000,12,71
lin,lin_31528,Oms5GeECfpT8vmyhTqy2O6EEwOI2,Female,15.38675,48000,6,30
lin,lin_31502,OWDZrFDhl8g2R3lZ7encCuWVrFz1,Female,15.69875,48000,39,194
lin,lin_31516,IFY5x0PvZMdaqZZRUxa34oJVcR62,Female,15.81875,48000,18,96
lin,lin_31560,2vowXAOWTcQLzBOaSpQVwoccG9k1,Male,15.74675,48000,16,84
lin,lin_31574,FSVvCTIvsUZdjKNDyGQyxHQgiOq2,Male,15.26675,48000,6,44
lin,lin_31559,VO87bzdtXAQ9znHN7tAq7Yx3Lu92,Male,17.97875,48000,22,119
lin,lin_31568,ywYeqEpSB0fAQFMBPhaa0FAUXJi2,Male,16.94675,48000,28,159
lin,lin_31532,IzzcBr7KDMWalIsY2GdsJorp39Y2,Female,17.49875,48000,27,135
lin,lin_31520,XsM6resN7dTwkeiy6KJ5FRPLYk42,Male,19.10675,48000,37,175
lin,lin_31551,DarqiyWuApQDBMNCqdm2N7gN8vX2,male,20.18675,48000,42,225
lin,lin_31505,S4RKuQBSBtUaUz9d3SxD8HkOIep2,Female,22.17875,48000,30,183
lin,lin_31537,EPhghNjL1gaiKvKZzW194fzLXnB2,Male,24.69875,48000,14,74
lin,lin_31506,BFSI6woFRodl1EEm2HUh30z6G0s1,Male,34.29875,48000,51,239
lin,lin_68621,ywYeqEpSB0fAQFMBPhaa0FAUXJi2,Male,17.85875,48000,20,105
lin,lin_68662,S4RKuQBSBtUaUz9d3SxD8HkOIep2,Female,17.01875,48000,29,163
lin,lin_68685,XsM6resN7dTwkeiy6KJ5FRPLYk42,Male,15.62675,48000,26,143
lin,lin_68672,IFY5x0PvZMdaqZZRUxa34oJVcR62,Female,16.58675,48000,31,148
lin,lin_68625,XsM6resN7dTwkeiy6KJ5FRPLYk42,Male,18.21875,48000,30,162
lin,lin_68600,34jJTV4jITUWLMKvugE1OGTvEVr2,Female,19.82675,48000,24,133
lin,lin_68668,avuHt9BLfWTvuNwp3dYuRnaatFk2,Female,19.41875,48000,20,102
lin,lin_68658,JqRutZbEUEMMviepZxaaDNGMNM82,Female,20.61875,48000,31,178
lin,lin_68654,OWDZrFDhl8g2R3lZ7encCuWVrFz1,Female,23.85875,48000,59,318
lin,lin_68646,QRazkXw5ySfg273MJhULVLYA1wm1,Male,23.97875,48000,32,177
lin,lin_68641,217a3u2t6BMMytJPIXYZWyAHtNE2,Female,24.81875,48000,30,194
lin,lin_68678,217a3u2t6BMMytJPIXYZWyAHtNE2,Female,28.22675,48000,38,209
lin,lin_68617,BJJZeZLdZkX10jOSnFR1yUy6JVC3,Male,32.85875,48000,56,317
lin,lin_70224,4rz2JZIZrUfKaxu5d9zdgrT2B1v1,Female,1.01075,48000,18,118
lin,lin_70262,4rz2JZIZrUfKaxu5d9zdgrT2B1v1,Female,1.01075,48000,13,75
lin,lin_70270,4rz2JZIZrUfKaxu5d9zdgrT2B1v1,Female,1.01075,48000,16,87
lin,lin_70263,OWDZrFDhl8g2R3lZ7encCuWVrFz1,Female,14.97875,48000,27,160
lin,lin_70298,7QA9IolFYSQn2wQycNPqW3hgzUC3,Female,14.61875,48000,10,55
lin,lin_70211,1A30jGPQoQcLFzluanP2XEGjKsD3,Male,15.62675,48000,26,157
lin,lin_70275,IFY5x0PvZMdaqZZRUxa34oJVcR62,Female,15.21875,48000,19,99
lin,lin_70245,OWDZrFDhl8g2R3lZ7encCuWVrFz1,Female,16.65875,48000,34,188
lin,lin_70230,34jJTV4jITUWLMKvugE1OGTvEVr2,Female,16.34675,48000,29,156
lin,lin_70216,OWDZrFDhl8g2R3lZ7encCuWVrFz1,Female,17.37875,48000,33,176
lin,lin_70285,OWDZrFDhl8g2R3lZ7encCuWVrFz1,Female,16.05875,48000,28,162
lin,lin_70293,OWDZrFDhl8g2R3lZ7encCuWVrFz1,Female,15.50675,48000,31,146
lin,lin_70280,9J0Xo69bgkhk1s5SeLdLH9UQQC22,Male,17.49875,48000,20,118
lin,lin_70297,2OmR5Y0KJbWRWHPHJyfQuSfM34I3,Female,18.02675,48000,36,187
lin,lin_70286,1A30jGPQoQcLFzluanP2XEGjKsD3,Male,19.46675,48000,39,190
lin,lin_70232,96Bs7DdStfc7RF78O26y4EvOLMy2,Female,19.05875,48000,27,168
lin,lin_70225,OWDZrFDhl8g2R3lZ7encCuWVrFz1,Female,20.06675,48000,37,191
lin,lin_70282,TzNS8bCPohf0LhyZTCq1x12TF9I2,Male,26.61875,48000,55,272
lin,lin_36834,FzdvGMcP1mY2v86Jh5RDAqygN1p1,Female,15.02675,48000,22,120
lin,lin_36821,JqRutZbEUEMMviepZxaaDNGMNM82,Female,15.38675,48000,22,133
lin,lin_36829,Oms5GeECfpT8vmyhTqy2O6EEwOI2,Female,15.33875,48000,13,67
lin,lin_36805,1A30jGPQoQcLFzluanP2XEGjKsD3,Male,16.77875,48000,26,127
lin,lin_36853,OWDZrFDhl8g2R3lZ7encCuWVrFz1,Female,15.38675,48000,35,188
sna,sna_19487,7erMyYrd9qflZJjN1wOPrEgigQu2,Female,15.81875,48000,16,141
sna,sna_19458,W6GzwAxpxecKOqKdTABMainkNhQ2,Male,16.34675,48000,11,91
sna,sna_19442,akPZ3sZLNmWepmQ73pcfOBhbAXC3,female,19.53875,48000,18,162
sna,sna_19431,1PHOsx2JIpUU4lMLgTd3ssjITjf1,Male,19.99475,48000,16,132
sna,sna_19418,vXEDg10Xu4MxNaneKbHNogUoAkG2,Male,22.17875,48000,18,145
sna,sna_19464,CHczhd1C0ZTwDtmpNuZVyEIfqU53,Female,24.81875,48000,23,189
sna,sna_19499,KeZGlSe8KMNMWnnC3l3QPsPAOUH2,Female,21.89075,48000,32,226
sna,sna_19473,1PHOsx2JIpUU4lMLgTd3ssjITjf1,Male,25.27475,48000,21,165
sna,sna_19478,7erMyYrd9qflZJjN1wOPrEgigQu2,Female,27.09875,48000,45,375
sna,sna_68608,4HdcZXLtmjhpO6zY9qLnLNCs7OJ2,Female,15.69875,48000,27,181
sna,sna_68632,FjWt9cvjUvSd8Gn5y0FTqctULdg2,Male,15.98675,48000,11,114
sna,sna_68625,T33w3KIsJJYMb9tmz2XxSYlgpcA2,male,16.29875,48000,20,166
sna,sna_68646,CtZCmGBDOjYnqksPXa5d3Gl7z9i1,Male,16.70675,48000,11,94
sna,sna_68609,0B0oxTbCrKeSD3CojZrSlAt7Je93,Female,17.61875,48000,26,228
sna,sna_68637,2Eud8lyLlsMcciYhmlkwVRtBwi82,Female,16.70675,48000,25,211
sna,sna_68691,YbvzAao3AMeJQvwkBlwZVItOsn92,Male,16.34675,48000,14,113
sna,sna_68664,O1bXJt6tFoh5LXu40Cy8sWGHPxz1,Male,19.94675,48000,24,192
sna,sna_68629,Br0zHa3NtAgKAmG8ATRWsvsqFiw1,Female,20.01875,48000,21,208
sna,sna_68640,2Q9Qx8uHQ5VAkWNdgqd7mVEeE2u1,Male,20.13875,48000,36,308
sna,sna_68684,7erMyYrd9qflZJjN1wOPrEgigQu2,Female,19.82675,48000,31,247
sna,sna_68626,7UbpWlepR6OHT8S5tcibbkcQWOC2,Male,20.54675,48000,28,234
sna,sna_68669,6yMVEvNaWJXi2UbPLujF6C4uGVJ3,Female,19.65875,48000,22,174
sna,sna_68657,CUBWhUHYrpdoA4u6bodqHGer0my1,Female,20.01875,48000,17,146
sna,sna_68693,W3obc3eoZYUAB22hEBxO3qso9352,Female,21.09875,48000,23,212
sna,sna_68688,MPNJZS5hwXVNawQTpd9Sq8qBGfy2,Male,23.85875,48000,18,142
sna,sna_68699,3G2FJSUtrURBAEzZnL5t4lREAXF2,Female,26.54675,48000,28,235
sna,sna_68681,7erMyYrd9qflZJjN1wOPrEgigQu2,Female,30.69875,48000,45,342
sna,sna_60964,DS6hxJnyXlYI6P8AJQ3wE6UAOx22,Female,1.01075,48000,28,257
sna,sna_60940,0B0oxTbCrKeSD3CojZrSlAt7Je93,Female,15.93875,48000,21,164
sna,sna_60958,2Eud8lyLlsMcciYhmlkwVRtBwi82,Female,17.42675,48000,28,208
sna,sna_60971,O1bXJt6tFoh5LXu40Cy8sWGHPxz1,Male,16.46675,48000,19,152
sna,sna_60910,VhbTVNcBgoU9GMXQK1BgpkkmfCH2,Female,15.81875,48000,10,83
sna,sna_60916,2Eud8lyLlsMcciYhmlkwVRtBwi82,Female,19.05875,48000,25,197
sna,sna_60948,2Eud8lyLlsMcciYhmlkwVRtBwi82,Female,18.33875,48000,27,214
sna,sna_60936,CtZCmGBDOjYnqksPXa5d3Gl7z9i1,Male,18.09875,48000,17,125
sna,sna_60937,13lBLON54icGjb0Hgg2OhJ5AgxJ2,Male,17.73875,48000,13,108
sna,sna_60913,FjWt9cvjUvSd8Gn5y0FTqctULdg2,Male,18.38675,48000,13,109
sna,sna_60976,1yd7uFLdjbT2eBY27VHfDErBk992,Female,21.14675,48000,17,155
sna,sna_60962,0B0oxTbCrKeSD3CojZrSlAt7Je93,Female,19.70675,48000,27,216
sna,sna_60943,13lBLON54icGjb0Hgg2OhJ5AgxJ2,Male,20.54675,48000,19,150
sna,sna_60954,CZQ37aLaUZfNpliatFqfC42MBUC3,Female,20.49875,48000,20,174
sna,sna_60927,vXEDg10Xu4MxNaneKbHNogUoAkG2,Male,23.37875,48000,19,139
sna,sna_60938,BZX9mSdmcoZiTmaYJMaMNcBUljR2,Female,23.61875,48000,24,199
sna,sna_60995,7erMyYrd9qflZJjN1wOPrEgigQu2,Female,22.41875,48000,32,252
sna,sna_60987,CUBWhUHYrpdoA4u6bodqHGer0my1,Female,24.09875,48000,20,152
sna,sna_60924,6yMVEvNaWJXi2UbPLujF6C4uGVJ3,Female,29.78675,48000,39,289
sna,sna_43510,A6o8btd1cNQM39nPwzCrT22gBRY2,Male,15.57875,48000,11,82
sna,sna_43519,VhbTVNcBgoU9GMXQK1BgpkkmfCH2,Female,15.98675,48000,12,115
sna,sna_43543,2Eud8lyLlsMcciYhmlkwVRtBwi82,Female,16.82675,48000,22,186
sna,sna_43542,7erMyYrd9qflZJjN1wOPrEgigQu2,Female,18.33875,48000,26,226
sna,sna_43527,1hsZ9plACwbUjolprhO9KPopzji2,Female,17.61875,48000,23,197
sna,sna_43549,7erMyYrd9qflZJjN1wOPrEgigQu2,Female,20.30675,48000,20,195
sna,sna_43559,CZQ37aLaUZfNpliatFqfC42MBUC3,Female,21.98675,48000,18,165
sna,sna_43521,7erMyYrd9qflZJjN1wOPrEgigQu2,Female,22.58675,48000,26,192
sna,sna_43507,CZQ37aLaUZfNpliatFqfC42MBUC3,Female,26.18675,48000,32,254
sna,sna_43540,W3obc3eoZYUAB22hEBxO3qso9352,Female,31.10675,48000,40,310
sna,sna_43524,dJbZPsh9kjQGwQ2fnlpHuNIeOfO2,female,33.74675,48000,40,311
sna,sna_52910,2Eud8lyLlsMcciYhmlkwVRtBwi82,Female,16.53875,48000,23,198
sna,sna_52961,T33w3KIsJJYMb9tmz2XxSYlgpcA2,male,16.58675,48000,22,167
sna,sna_52962,T33w3KIsJJYMb9tmz2XxSYlgpcA2,male,16.34675,48000,16,137
sna,sna_52914,4HdcZXLtmjhpO6zY9qLnLNCs7OJ2,Female,16.68275,48000,25,226
sna,sna_52978,CUBWhUHYrpdoA4u6bodqHGer0my1,Female,17.06675,48000,12,108
sna,sna_52956,DOToxzuX5sOrpgBfaHxwVNzE7la2,Female,18.86675,48000,22,200
sna,sna_52990,1PHOsx2JIpUU4lMLgTd3ssjITjf1,Male,18.60275,48000,16,137
sna,sna_52996,1PHOsx2JIpUU4lMLgTd3ssjITjf1,Male,18.91475,48000,14,124
sna,sna_52953,13lBLON54icGjb0Hgg2OhJ5AgxJ2,Male,22.65875,48000,22,186
sna,sna_52965,CtZCmGBDOjYnqksPXa5d3Gl7z9i1,Male,25.22675,48000,21,155
sna,sna_52998,7erMyYrd9qflZJjN1wOPrEgigQu2,Female,26.37875,48000,27,215
sna,sna_52948,7UbpWlepR6OHT8S5tcibbkcQWOC2,Male,29.25875,48000,33,304
sna,sna_52980,7erMyYrd9qflZJjN1wOPrEgigQu2,Female,29.97875,48000,39,320
sna,sna_52976,VaQf47xFJZVasrczw7fFTzcR89F3,Male,31.94675,48000,33,292
sna,sna_23105,1hsZ9plACwbUjolprhO9KPopzji2,Female,17.42675,48000,28,252
sna,sna_23126,4HdcZXLtmjhpO6zY9qLnLNCs7OJ2,Female,17.85875,48000,23,196
sna,sna_23166,3TJZHIth5tY646wZREH7LVRhqhD2,Female,17.37875,48000,18,141
sna,sna_23137,KeZGlSe8KMNMWnnC3l3QPsPAOUH2,Female,17.85875,48000,18,154
sna,sna_23118,2Eud8lyLlsMcciYhmlkwVRtBwi82,Female,19.53875,48000,29,233
sna,sna_23110,7UbpWlepR6OHT8S5tcibbkcQWOC2,Male,20.61875,48000,33,237
sna,sna_23100,13lBLON54icGjb0Hgg2OhJ5AgxJ2,Male,20.85875,48000,20,179
sna,sna_23119,0V0O30nOtCOPDLoWZ1pSZpoGvYp1,Male,23.61875,48000,18,214
sna,sna_23199,7erMyYrd9qflZJjN1wOPrEgigQu2,Female,21.98675,48000,33,270
sna,sna_23121,7erMyYrd9qflZJjN1wOPrEgigQu2,Female,24.93875,48000,33,276
sna,sna_23182,1PHOsx2JIpUU4lMLgTd3ssjITjf1,Male,27.21875,48000,23,198
sna,sna_23147,7erMyYrd9qflZJjN1wOPrEgigQu2,Female,28.29875,48000,34,311
sna,sna_23158,3G2FJSUtrURBAEzZnL5t4lREAXF2,Female,32.78675,48000,38,323
sna,sna_90454,Ss9GBR97MCUXMMi0ibM4EcwQpGH2,Female,14.85875,48000,8,70
sna,sna_90402,Ss9GBR97MCUXMMi0ibM4EcwQpGH2,Female,17.42675,48000,15,134
sna,sna_90404,CUBWhUHYrpdoA4u6bodqHGer0my1,Female,18.86675,48000,14,100
sna,sna_90451,1PHOsx2JIpUU4lMLgTd3ssjITjf1,Male,16.20275,48000,15,102
sna,sna_90470,T33w3KIsJJYMb9tmz2XxSYlgpcA2,male,18.21875,48000,20,161
sna,sna_90437,fOCzY1CDIsMKq21MsHuUaZVwFbo2,Female,17.85875,48000,21,171
sna,sna_90459,1PHOsx2JIpUU4lMLgTd3ssjITjf1,Male,17.66675,48000,16,130
sna,sna_90465,MRTL0yRE9JYPru6liwSsoRCMIiD3,Male,18.45875,48000,21,168
sna,sna_90497,7UbpWlepR6OHT8S5tcibbkcQWOC2,Male,18.33875,48000,20,198
sna,sna_90453,KeZGlSe8KMNMWnnC3l3QPsPAOUH2,Female,19.37075,48000,27,190
sna,sna_90434,q7CSRCHvTrOuNdrAnuBLhdSnT9I2,Female,21.57875,48000,17,151
sna,sna_90481,CUBWhUHYrpdoA4u6bodqHGer0my1,Female,20.18675,48000,19,148
sna,sna_90499,7erMyYrd9qflZJjN1wOPrEgigQu2,Female,19.89875,48000,22,189
sna,sna_90442,f4LbqfoJ6HXJeYxnuIrfZlP7qaM2,Female,22.29875,48000,16,152
sna,sna_90422,MRTL0yRE9JYPru6liwSsoRCMIiD3,Male,24.57875,48000,21,176
sna,sna_90428,CHczhd1C0ZTwDtmpNuZVyEIfqU53,Female,24.38675,48000,25,206
sna,sna_90432,1PHOsx2JIpUU4lMLgTd3ssjITjf1,Male,22.92275,48000,18,147
sna,sna_90479,CUBWhUHYrpdoA4u6bodqHGer0my1,Female,22.58675,48000,20,156
sna,sna_90427,x78Xo9rvJUaWam0JDzmvkIufFHp1,Female,26.25875,48000,30,280
sna,sna_90487,Mg2nsqbQ5IR7buwlHrHBQqyf4iZ2,Female,26.90675,48000,37,308
sna,sna_90407,fOCzY1CDIsMKq21MsHuUaZVwFbo2,Female,32.37875,48000,34,290
sna,sna_51513,DS6hxJnyXlYI6P8AJQ3wE6UAOx22,Female,1.01075,48000,19,173
sna,sna_51548,DS6hxJnyXlYI6P8AJQ3wE6UAOx22,Female,1.01075,48000,21,165
sna,sna_51599,Br0zHa3NtAgKAmG8ATRWsvsqFiw1,Female,10.65875,48000,15,135
sna,sna_51568,YbvzAao3AMeJQvwkBlwZVItOsn92,Male,15.69875,48000,14,130
sna,sna_51589,3dC5zFovevQRAM13QFAr6tzhKuo1,Female,15.38675,48000,10,75
sna,sna_51533,CUBWhUHYrpdoA4u6bodqHGer0my1,Female,17.25875,48000,13,92
sna,sna_51511,0B0oxTbCrKeSD3CojZrSlAt7Je93,Female,18.14675,48000,20,156
sna,sna_51528,4HdcZXLtmjhpO6zY9qLnLNCs7OJ2,Female,17.28275,48000,24,213
sna,sna_51588,4HdcZXLtmjhpO6zY9qLnLNCs7OJ2,Female,15.55475,48000,25,213
sna,sna_51572,f4LbqfoJ6HXJeYxnuIrfZlP7qaM2,Female,18.02675,48000,15,136
sna,sna_51509,7UbpWlepR6OHT8S5tcibbkcQWOC2,Male,19.53875,48000,29,225
sna,sna_51576,6yMVEvNaWJXi2UbPLujF6C4uGVJ3,Female,17.13875,48000,20,148
sna,sna_51567,f4LbqfoJ6HXJeYxnuIrfZlP7qaM2,Female,18.02675,48000,16,130
sna,sna_51501,bDnL0UJDvBbHqCsI7LkYLGMinXE3,Female,20.49875,48000,18,158
sna,sna_51503,CtZCmGBDOjYnqksPXa5d3Gl7z9i1,Male,21.09875,48000,20,151
sna,sna_51581,0B0oxTbCrKeSD3CojZrSlAt7Je93,Female,21.74675,48000,31,243
sna,sna_51552,KeZGlSe8KMNMWnnC3l3QPsPAOUH2,Female,20.78675,48000,27,229
sna,sna_51596,CZQ37aLaUZfNpliatFqfC42MBUC3,Female,19.70675,48000,19,137
sna,sna_51512,f4LbqfoJ6HXJeYxnuIrfZlP7qaM2,Female,23.37875,48000,24,168
sna,sna_51579,0V0O30nOtCOPDLoWZ1pSZpoGvYp1,Male,22.77875,48000,27,222
sna,sna_51587,7UbpWlepR6OHT8S5tcibbkcQWOC2,Male,20.85875,48000,23,195
sna,sna_51542,f4LbqfoJ6HXJeYxnuIrfZlP7qaM2,Female,25.10675,48000,27,217
sna,sna_51516,7erMyYrd9qflZJjN1wOPrEgigQu2,Female,29.06675,48000,40,311
sna,sna_51559,W3obc3eoZYUAB22hEBxO3qso9352,Female,25.22675,48000,30,238
sna,sna_41219,0V0O30nOtCOPDLoWZ1pSZpoGvYp1,Male,15.69875,48000,26,219
sna,sna_41230,2Eud8lyLlsMcciYhmlkwVRtBwi82,Female,17.49875,48000,25,198
sna,sna_41272,T33w3KIsJJYMb9tmz2XxSYlgpcA2,male,16.41875,48000,19,156
sna,sna_41235,2Eud8lyLlsMcciYhmlkwVRtBwi82,Female,17.90675,48000,31,234
sna,sna_41260,0B0oxTbCrKeSD3CojZrSlAt7Je93,Female,17.01875,48000,21,177
sna,sna_41263,Mg2nsqbQ5IR7buwlHrHBQqyf4iZ2,Female,18.86675,48000,24,202
sna,sna_41286,4HdcZXLtmjhpO6zY9qLnLNCs7OJ2,Female,19.08275,48000,33,281
sna,sna_41252,f4LbqfoJ6HXJeYxnuIrfZlP7qaM2,Female,18.81875,48000,17,146
sna,sna_41233,f4LbqfoJ6HXJeYxnuIrfZlP7qaM2,Female,22.17875,48000,20,173
sna,sna_41287,7erMyYrd9qflZJjN1wOPrEgigQu2,Female,21.09875,48000,26,194
sna,sna_41288,ugCjWk8fNAVo0yz8V6uTwTqBrFk1,Male,21.62675,48000,14,104
sna,sna_41254,9YsbXfx0ppQJk9wKB9iinCzo42e2,Female,23.04275,48000,16,128
sna,sna_41283,T33w3KIsJJYMb9tmz2XxSYlgpcA2,male,24.14675,48000,25,196
sna,sna_41294,7UbpWlepR6OHT8S5tcibbkcQWOC2,Male,23.42675,48000,33,284
sna,sna_7800,6MXQrhAUdeQRGhKRUyE6daG3Qvm2,Male,18.09875,48000,20,157
sna,sna_7819,T33w3KIsJJYMb9tmz2XxSYlgpcA2,male,16.70675,48000,17,130
sna,sna_7885,7erMyYrd9qflZJjN1wOPrEgigQu2,Female,18.26675,48000,24,187
sna,sna_7846,MRTL0yRE9JYPru6liwSsoRCMIiD3,Male,21.14675,48000,24,227
sna,sna_7858,7UbpWlepR6OHT8S5tcibbkcQWOC2,Male,20.90675,48000,28,216
sna,sna_7854,6MXQrhAUdeQRGhKRUyE6daG3Qvm2,Male,23.37875,48000,19,175
sna,sna_7841,7UbpWlepR6OHT8S5tcibbkcQWOC2,Male,20.42675,48000,26,217
sna,sna_7896,tmHt2JhxrfWp3wBlMVh873MkGz52,Male,19.58675,48000,19,155
sna,sna_7899,oCN8mxzXTwaSHzRN0Uuo4Zd3PSY2,female,22.94675,48000,28,230
sna,sna_7861,6xxsSWfShAUAktSJ7BIoL4a91py1,Male,23.85875,48000,24,186
sna,sna_7833,0V0O30nOtCOPDLoWZ1pSZpoGvYp1,Male,27.02675,48000,31,277
sna,sna_7889,1PHOsx2JIpUU4lMLgTd3ssjITjf1,Male,25.89875,48000,16,143
sna,sna_7898,3G2FJSUtrURBAEzZnL5t4lREAXF2,Female,33.98675,48000,39,327
sna,sna_36937,Ss9GBR97MCUXMMi0ibM4EcwQpGH2,Female,14.90675,48000,12,110
sna,sna_36964,5sARICpRDvc7D3wcUA1zOqyQbIq1,Male,15.86675,48000,11,119
sna,sna_36976,FjWt9cvjUvSd8Gn5y0FTqctULdg2,Male,15.98675,48000,9,106
sna,sna_36926,7UbpWlepR6OHT8S5tcibbkcQWOC2,Male,17.85875,48000,30,247
sna,sna_36929,1hsZ9plACwbUjolprhO9KPopzji2,Female,18.81875,48000,23,196
sna,sna_36981,2Eud8lyLlsMcciYhmlkwVRtBwi82,Female,17.78675,48000,20,160
sna,sna_36914,T33w3KIsJJYMb9tmz2XxSYlgpcA2,male,20.42675,48000,28,223
sna,sna_36958,fVOjNSI6wUelfRpE86wE1z170O73,Male,20.42675,48000,12,120
sna,sna_36901,7UbpWlepR6OHT8S5tcibbkcQWOC2,Male,19.58675,48000,24,230
sna,sna_36945,7erMyYrd9qflZJjN1wOPrEgigQu2,Female,22.05875,48000,27,224
sna,sna_36940,q7CSRCHvTrOuNdrAnuBLhdSnT9I2,Female,19.70675,48000,19,172
sna,sna_36965,7UbpWlepR6OHT8S5tcibbkcQWOC2,Male,20.37875,48000,23,205
sna,sna_36934,6MXQrhAUdeQRGhKRUyE6daG3Qvm2,Male,23.97875,48000,24,225
sna,sna_36983,DOToxzuX5sOrpgBfaHxwVNzE7la2,Female,23.73875,48000,34,262
sna,sna_36902,6MXQrhAUdeQRGhKRUyE6daG3Qvm2,Male,26.66675,48000,33,285
sna,sna_36916,1PHOsx2JIpUU4lMLgTd3ssjITjf1,Male,29.85875,48000,18,156
sna,sna_36955,7erMyYrd9qflZJjN1wOPrEgigQu2,Female,26.78675,48000,35,277
sna,sna_36969,IORd2eNihBh3Uz0XkY4LdY9Ehps1,Male,35.54675,48000,29,259
sna,sna_5533,T33w3KIsJJYMb9tmz2XxSYlgpcA2,male,15.98675,48000,24,162
sna,sna_5529,CUBWhUHYrpdoA4u6bodqHGer0my1,Female,16.53875,48000,10,90
sna,sna_5560,1PHOsx2JIpUU4lMLgTd3ssjITjf1,Male,19.20275,48000,14,108
sna,sna_5544,MRTL0yRE9JYPru6liwSsoRCMIiD3,Male,17.49875,48000,21,150
sna,sna_5576,T33w3KIsJJYMb9tmz2XxSYlgpcA2,male,17.90675,48000,21,166
sna,sna_5541,6yMVEvNaWJXi2UbPLujF6C4uGVJ3,Female,18.09875,48000,21,162
sna,sna_5510,7UbpWlepR6OHT8S5tcibbkcQWOC2,Male,19.34675,48000,25,214
sna,sna_5519,b0jlnEWrFCarUWG42cy1e7pgeQc2,Female,18.57875,48000,17,128
sna,sna_5513,x78Xo9rvJUaWam0JDzmvkIufFHp1,Female,23.01875,48000,31,255
sna,sna_5523,CHczhd1C0ZTwDtmpNuZVyEIfqU53,Female,23.30675,48000,27,238
sna,sna_5565,6yMVEvNaWJXi2UbPLujF6C4uGVJ3,Female,22.65875,48000,28,242
sna,sna_5548,7erMyYrd9qflZJjN1wOPrEgigQu2,Female,24.69875,48000,37,292
sna,sna_97472,T33w3KIsJJYMb9tmz2XxSYlgpcA2,male,16.89875,48000,28,195
sna,sna_97416,yMp9VdnNyORCJnbDnscFtd4cVHn2,male,16.17875,48000,18,162
sna,sna_97452,0V0O30nOtCOPDLoWZ1pSZpoGvYp1,Male,17.61875,48000,33,227
sna,sna_97419,6yMVEvNaWJXi2UbPLujF6C4uGVJ3,Female,18.81875,48000,24,174
sna,sna_97465,7UbpWlepR6OHT8S5tcibbkcQWOC2,Male,21.86675,48000,26,198
sna,sna_97445,2xRfhns8LycwNgZA7uoGhqbPFhx2,Female,22.46675,48000,29,201
sna,sna_97401,CUBWhUHYrpdoA4u6bodqHGer0my1,Female,22.70675,48000,20,147
sna,sna_97494,mlCx7b2KkFU7F2pOKuAWLqvzp5q2,Female,22.94675,48000,30,239
sna,sna_97481,CHczhd1C0ZTwDtmpNuZVyEIfqU53,Female,23.90675,48000,22,187
sna,sna_97446,FChdqE4fUlO8RBopBzfXsDLDIHR2,Male,26.49875,48000,40,324
sna,sna_63228,0B0oxTbCrKeSD3CojZrSlAt7Je93,Female,15.02675,48000,23,185
sna,sna_63221,VhbTVNcBgoU9GMXQK1BgpkkmfCH2,Female,15.86675,48000,14,115
sna,sna_63224,YbvzAao3AMeJQvwkBlwZVItOsn92,Male,17.42675,48000,20,191
sna,sna_63283,13lBLON54icGjb0Hgg2OhJ5AgxJ2,Male,15.81875,48000,15,110
sna,sna_63217,4HdcZXLtmjhpO6zY9qLnLNCs7OJ2,Female,18.55475,48000,30,228
sna,sna_63288,A6o8btd1cNQM39nPwzCrT22gBRY2,Male,15.26675,48000,14,86
sna,sna_63210,O1bXJt6tFoh5LXu40Cy8sWGHPxz1,Male,17.78675,48000,20,158
sna,sna_63227,7UbpWlepR6OHT8S5tcibbkcQWOC2,Male,18.14675,48000,24,206
sna,sna_63260,7erMyYrd9qflZJjN1wOPrEgigQu2,Female,17.85875,48000,24,161
sna,sna_63219,6MXQrhAUdeQRGhKRUyE6daG3Qvm2,Male,19.41875,48000,22,176
sna,sna_63292,4I6m2NXNGIWZ5wB5SjgpccqFjtL2,Female,18.62675,48000,28,212
sna,sna_63240,7erMyYrd9qflZJjN1wOPrEgigQu2,Female,20.78675,48000,24,201
sna,sna_63251,7erMyYrd9qflZJjN1wOPrEgigQu2,Female,21.98675,48000,34,234
sna,sna_63211,7erMyYrd9qflZJjN1wOPrEgigQu2,Female,26.42675,48000,34,266
sna,sna_63285,7erMyYrd9qflZJjN1wOPrEgigQu2,Female,30.86675,48000,40,365
sna,sna_63286,7UbpWlepR6OHT8S5tcibbkcQWOC2,Male,26.01875,48000,40,309
sna,sna_63243,0V0O30nOtCOPDLoWZ1pSZpoGvYp1,Male,30.69875,48000,46,428
sna,sna_63274,Mg2nsqbQ5IR7buwlHrHBQqyf4iZ2,Female,30.33875,48000,41,302
sna,sna_96411,KeZGlSe8KMNMWnnC3l3QPsPAOUH2,Female,17.37875,48000,17,141
sna,sna_96483,A6o8btd1cNQM39nPwzCrT22gBRY2,Male,15.45875,48000,22,183
sna,sna_96454,T33w3KIsJJYMb9tmz2XxSYlgpcA2,male,16.82675,48000,17,150
sna,sna_96443,6MXQrhAUdeQRGhKRUyE6daG3Qvm2,Male,19.53875,48000,28,221
sna,sna_96401,7erMyYrd9qflZJjN1wOPrEgigQu2,Female,18.86675,48000,26,224
sna,sna_96419,7erMyYrd9qflZJjN1wOPrEgigQu2,Female,19.10675,48000,23,205
sna,sna_96440,4HdcZXLtmjhpO6zY9qLnLNCs7OJ2,Female,17.47475,48000,23,202
sna,sna_96437,2Eud8lyLlsMcciYhmlkwVRtBwi82,Female,20.37875,48000,33,271
sna,sna_96497,1PHOsx2JIpUU4lMLgTd3ssjITjf1,Male,18.07475,48000,14,141
sna,sna_96413,7UbpWlepR6OHT8S5tcibbkcQWOC2,Male,23.54675,48000,24,194
sna,sna_96434,4I6m2NXNGIWZ5wB5SjgpccqFjtL2,Female,22.89875,48000,44,326
sna,sna_96469,9YsbXfx0ppQJk9wKB9iinCzo42e2,Female,23.35475,48000,17,144
sna,sna_96421,Mg2nsqbQ5IR7buwlHrHBQqyf4iZ2,Female,25.46675,48000,29,262
sna,sna_96475,T33w3KIsJJYMb9tmz2XxSYlgpcA2,male,22.53875,48000,32,242
sna,sna_232,3G2FJSUtrURBAEzZnL5t4lREAXF2,Female,15.02675,48000,14,126
sna,sna_290,dJbZPsh9kjQGwQ2fnlpHuNIeOfO2,female,16.46675,48000,12,97
sna,sna_246,T33w3KIsJJYMb9tmz2XxSYlgpcA2,male,16.65875,48000,16,128
sna,sna_298,CHczhd1C0ZTwDtmpNuZVyEIfqU53,Female,16.65875,48000,14,138
sna,sna_237,0V0O30nOtCOPDLoWZ1pSZpoGvYp1,Male,19.70675,48000,22,207
sna,sna_257,13lBLON54icGjb0Hgg2OhJ5AgxJ2,Male,19.58675,48000,17,130
sna,sna_229,4HdcZXLtmjhpO6zY9qLnLNCs7OJ2,Female,19.39475,48000,32,244
sna,sna_275,CtZCmGBDOjYnqksPXa5d3Gl7z9i1,Male,20.01875,48000,19,139
sna,sna_282,7UbpWlepR6OHT8S5tcibbkcQWOC2,Male,21.33875,48000,31,229
sna,sna_253,tuCj2k05qHcsv9oDamPForPCs2z1,female,21.93875,48000,13,108
sna,sna_291,f4LbqfoJ6HXJeYxnuIrfZlP7qaM2,Female,22.22675,48000,17,140
sna,sna_221,7erMyYrd9qflZJjN1wOPrEgigQu2,Female,27.02675,48000,28,251
sna,sna_259,vXEDg10Xu4MxNaneKbHNogUoAkG2,Male,29.97875,48000,14,126
sna,sna_299,SRs7BWecPpVIpPZCGjUZxh7qDEO2,female,29.18675,48000,19,162
sna,sna_14675,A6o8btd1cNQM39nPwzCrT22gBRY2,Male,15.45875,48000,12,110
sna,sna_14669,6yMVEvNaWJXi2UbPLujF6C4uGVJ3,Female,16.77875,48000,20,156
sna,sna_14699,CtZCmGBDOjYnqksPXa5d3Gl7z9i1,Male,18.62675,48000,19,131
sna,sna_14687,MRTL0yRE9JYPru6liwSsoRCMIiD3,Male,16.89875,48000,21,173
sna,sna_14666,2xRfhns8LycwNgZA7uoGhqbPFhx2,Female,18.09875,48000,19,160
sna,sna_14627,2Eud8lyLlsMcciYhmlkwVRtBwi82,Female,21.69875,48000,31,257
sna,sna_14601,7erMyYrd9qflZJjN1wOPrEgigQu2,Female,23.73875,48000,32,292
sna,sna_14631,DOToxzuX5sOrpgBfaHxwVNzE7la2,Female,27.50675,48000,31,272
sna,sna_14658,x78Xo9rvJUaWam0JDzmvkIufFHp1,Female,28.82675,48000,40,316
sna,sna_14605,7erMyYrd9qflZJjN1wOPrEgigQu2,Female,29.78675,48000,37,343
sna,sna_15729,3pfBfFLrM0PwyQrhUeEQHvDbjak2,Male,5.06675,48000,3,24
sna,sna_15700,6MXQrhAUdeQRGhKRUyE6daG3Qvm2,Male,16.77875,48000,17,153
sna,sna_15712,CUBWhUHYrpdoA4u6bodqHGer0my1,Female,17.06675,48000,12,96
sna,sna_15741,2Eud8lyLlsMcciYhmlkwVRtBwi82,Female,16.82675,48000,26,194
sna,sna_15702,yMp9VdnNyORCJnbDnscFtd4cVHn2,male,19.05875,48000,24,168
sna,sna_15786,4HdcZXLtmjhpO6zY9qLnLNCs7OJ2,Female,15.93875,48000,22,198
sna,sna_15732,0V0O30nOtCOPDLoWZ1pSZpoGvYp1,Male,20.25875,48000,27,250
sna,sna_15743,CtZCmGBDOjYnqksPXa5d3Gl7z9i1,Male,18.09875,48000,18,163
sna,sna_15738,7UbpWlepR6OHT8S5tcibbkcQWOC2,Male,20.06675,48000,23,202
sna,sna_15730,akPZ3sZLNmWepmQ73pcfOBhbAXC3,female,26.66675,48000,28,216
sna,sna_15765,9YsbXfx0ppQJk9wKB9iinCzo42e2,Female,27.45875,48000,28,228
sna,sna_21941,4HdcZXLtmjhpO6zY9qLnLNCs7OJ2,Female,15.62675,48000,24,181
sna,sna_21920,1PHOsx2JIpUU4lMLgTd3ssjITjf1,Male,16.85075,48000,19,157
sna,sna_21986,2Eud8lyLlsMcciYhmlkwVRtBwi82,Female,16.89875,48000,20,171
sna,sna_21974,T33w3KIsJJYMb9tmz2XxSYlgpcA2,male,18.33875,48000,15,136
sna,sna_21963,CtZCmGBDOjYnqksPXa5d3Gl7z9i1,Male,19.89875,48000,21,165
sna,sna_21998,3TJZHIth5tY646wZREH7LVRhqhD2,Female,18.02675,48000,23,203
sna,sna_21967,4I6m2NXNGIWZ5wB5SjgpccqFjtL2,Female,20.73875,48000,32,244
sna,sna_21932,Mg2nsqbQ5IR7buwlHrHBQqyf4iZ2,Female,22.77875,48000,31,212
sna,sna_21990,7erMyYrd9qflZJjN1wOPrEgigQu2,Female,19.53875,48000,23,199
sna,sna_21972,7UbpWlepR6OHT8S5tcibbkcQWOC2,Male,25.89875,48000,30,275
sna,sna_21950,7erMyYrd9qflZJjN1wOPrEgigQu2,Female,25.82675,48000,17,140
sna,sna_21923,3G2FJSUtrURBAEzZnL5t4lREAXF2,Female,26.37875,48000,26,203
sna,sna_21918,IORd2eNihBh3Uz0XkY4LdY9Ehps1,Male,30.12275,48000,26,201
sna,sna_21988,Mg2nsqbQ5IR7buwlHrHBQqyf4iZ2,Female,26.61875,48000,31,323
sna,sna_21903,fOCzY1CDIsMKq21MsHuUaZVwFbo2,Female,35.66675,48000,37,317
sna,sna_37030,CHczhd1C0ZTwDtmpNuZVyEIfqU53,Female,16.70675,48000,10,94
sna,sna_37014,CZQ37aLaUZfNpliatFqfC42MBUC3,Female,19.05875,48000,21,137
sna,sna_37092,13lBLON54icGjb0Hgg2OhJ5AgxJ2,Male,16.34675,48000,10,92
sna,sna_37054,akPZ3sZLNmWepmQ73pcfOBhbAXC3,female,18.74675,48000,18,139
sna,sna_37074,13lBLON54icGjb0Hgg2OhJ5AgxJ2,Male,19.41875,48000,15,124
sna,sna_37095,3TJZHIth5tY646wZREH7LVRhqhD2,Female,20.49875,48000,26,198
sna,sna_37006,akPZ3sZLNmWepmQ73pcfOBhbAXC3,female,20.97875,48000,18,165
sna,sna_37079,CtZCmGBDOjYnqksPXa5d3Gl7z9i1,Male,22.65875,48000,19,165
sna,sna_37021,CZQ37aLaUZfNpliatFqfC42MBUC3,Female,27.93875,48000,30,229
sna,sna_37050,x78Xo9rvJUaWam0JDzmvkIufFHp1,Female,31.34675,48000,51,421
sna,sna_94191,DS6hxJnyXlYI6P8AJQ3wE6UAOx22,Female,1.01075,48000,18,148
sna,sna_94104,T33w3KIsJJYMb9tmz2XxSYlgpcA2,male,18.38675,48000,23,199
sna,sna_94154,7erMyYrd9qflZJjN1wOPrEgigQu2,Female,18.98675,48000,21,185
sna,sna_94158,7erMyYrd9qflZJjN1wOPrEgigQu2,Female,21.14675,48000,28,245
sna,sna_94131,2Q9Qx8uHQ5VAkWNdgqd7mVEeE2u1,Male,21.21875,48000,31,254
sna,sna_94122,CtZCmGBDOjYnqksPXa5d3Gl7z9i1,Male,20.49875,48000,17,135
sna,sna_94199,2Q9Qx8uHQ5VAkWNdgqd7mVEeE2u1,Male,19.65875,48000,26,228
sna,sna_94108,0V0O30nOtCOPDLoWZ1pSZpoGvYp1,Male,23.85875,48000,33,263
sna,sna_94124,CtZCmGBDOjYnqksPXa5d3Gl7z9i1,Male,25.17875,48000,24,171
sna,sna_94140,7UbpWlepR6OHT8S5tcibbkcQWOC2,Male,27.93875,48000,32,289
sna,sna_94170,CtZCmGBDOjYnqksPXa5d3Gl7z9i1,Male,28.82675,48000,26,217
sna,sna_92414,4HdcZXLtmjhpO6zY9qLnLNCs7OJ2,Female,15.89075,48000,25,220
sna,sna_92447,3G2FJSUtrURBAEzZnL5t4lREAXF2,Female,15.45875,48000,14,101
sna,sna_92443,2Eud8lyLlsMcciYhmlkwVRtBwi82,Female,17.78675,48000,20,144
sna,sna_92407,13lBLON54icGjb0Hgg2OhJ5AgxJ2,Male,17.49875,48000,16,137
sna,sna_92413,6MXQrhAUdeQRGhKRUyE6daG3Qvm2,Male,17.18675,48000,18,132
sna,sna_92495,4HdcZXLtmjhpO6zY9qLnLNCs7OJ2,Female,15.53075,48000,22,150
sna,sna_92401,7UbpWlepR6OHT8S5tcibbkcQWOC2,Male,18.50675,48000,24,223
sna,sna_92470,2Eud8lyLlsMcciYhmlkwVRtBwi82,Female,18.33875,48000,32,272
sna,sna_92419,4HdcZXLtmjhpO6zY9qLnLNCs7OJ2,Female,19.53875,48000,26,194
sna,sna_92485,T33w3KIsJJYMb9tmz2XxSYlgpcA2,male,17.30675,48000,18,155
sna,sna_92494,1PHOsx2JIpUU4lMLgTd3ssjITjf1,Male,15.55475,48000,13,89
sna,sna_92468,0B0oxTbCrKeSD3CojZrSlAt7Je93,Female,16.29875,48000,22,182
sna,sna_92497,4HdcZXLtmjhpO6zY9qLnLNCs7OJ2,Female,16.10675,48000,22,222
sna,sna_92420,IORd2eNihBh3Uz0XkY4LdY9Ehps1,Male,19.08275,48000,16,137
sna,sna_92460,T33w3KIsJJYMb9tmz2XxSYlgpcA2,male,18.45875,48000,29,222
sna,sna_92479,7erMyYrd9qflZJjN1wOPrEgigQu2,Female,26.61875,48000,34,262
sna,sna_92406,x78Xo9rvJUaWam0JDzmvkIufFHp1,Female,30.02675,48000,47,374
sna,sna_92408,7erMyYrd9qflZJjN1wOPrEgigQu2,Female,28.77875,48000,50,371
sna,sna_92455,fOCzY1CDIsMKq21MsHuUaZVwFbo2,Female,35.06675,48000,37,317
sna,sna_19039,4I6m2NXNGIWZ5wB5SjgpccqFjtL2,Female,15.86675,48000,27,213
sna,sna_19018,0V0O30nOtCOPDLoWZ1pSZpoGvYp1,Male,16.17875,48000,17,156
sna,sna_19045,tmHt2JhxrfWp3wBlMVh873MkGz52,Male,18.21875,48000,16,123
sna,sna_19021,4HdcZXLtmjhpO6zY9qLnLNCs7OJ2,Female,18.00275,48000,29,238
sna,sna_19094,T33w3KIsJJYMb9tmz2XxSYlgpcA2,male,18.02675,48000,22,177
sna,sna_19006,T33w3KIsJJYMb9tmz2XxSYlgpcA2,male,23.01875,48000,23,207
sna,sna_19098,6yMVEvNaWJXi2UbPLujF6C4uGVJ3,Female,20.42675,48000,19,167
sna,sna_19066,FChdqE4fUlO8RBopBzfXsDLDIHR2,Male,21.86675,48000,27,208
sna,sna_19038,3G2FJSUtrURBAEzZnL5t4lREAXF2,Female,24.98675,48000,30,243
sna,sna_19065,x78Xo9rvJUaWam0JDzmvkIufFHp1,Female,24.81875,48000,24,216
sna,sna_19011,x78Xo9rvJUaWam0JDzmvkIufFHp1,Female,33.62675,48000,48,413
sna,sna_19046,IORd2eNihBh3Uz0XkY4LdY9Ehps1,Male,31.10675,48000,29,229
sna,sna_51374,GpUAaoiJCqWAAdihqYNKdupdXt83,Female,1.01075,48000,19,163
sna,sna_51305,hOQjSNiXjcQ6cfwyvEniTQLZAaH2,Female,17.37875,48000,9,84
sna,sna_51328,CHczhd1C0ZTwDtmpNuZVyEIfqU53,Female,17.61875,48000,15,119
sna,sna_51365,7erMyYrd9qflZJjN1wOPrEgigQu2,Female,18.14675,48000,18,168
sna,sna_51377,x78Xo9rvJUaWam0JDzmvkIufFHp1,Female,17.49875,48000,14,145
sna,sna_51382,1PHOsx2JIpUU4lMLgTd3ssjITjf1,Male,16.39475,48000,12,103
sna,sna_51350,cOE3UXzDl4NGvbbSn0BEtvdWlnC2,Female,17.13875,48000,20,140
sna,sna_51392,0V0O30nOtCOPDLoWZ1pSZpoGvYp1,Male,17.06675,48000,23,204
sna,sna_51335,7UbpWlepR6OHT8S5tcibbkcQWOC2,Male,20.37875,48000,25,224
sna,sna_51304,yMp9VdnNyORCJnbDnscFtd4cVHn2,male,20.73875,48000,20,175
sna,sna_51353,2Eud8lyLlsMcciYhmlkwVRtBwi82,Female,19.46675,48000,25,224
sna,sna_51309,6yMVEvNaWJXi2UbPLujF6C4uGVJ3,Female,20.97875,48000,24,178
sna,sna_51371,CHczhd1C0ZTwDtmpNuZVyEIfqU53,Female,20.06675,48000,17,148
sna,sna_51348,7UbpWlepR6OHT8S5tcibbkcQWOC2,Male,21.74675,48000,31,270
sna,sna_51358,13lBLON54icGjb0Hgg2OhJ5AgxJ2,Male,20.90675,48000,15,138
sna,sna_51344,7erMyYrd9qflZJjN1wOPrEgigQu2,Female,21.69875,48000,26,242
sna,sna_51336,7erMyYrd9qflZJjN1wOPrEgigQu2,Female,21.62675,48000,33,266
sna,sna_51389,T33w3KIsJJYMb9tmz2XxSYlgpcA2,male,20.61875,48000,28,214
sna,sna_51367,7UbpWlepR6OHT8S5tcibbkcQWOC2,Male,24.93875,48000,30,259
sna,sna_51388,IORd2eNihBh3Uz0XkY4LdY9Ehps1,Male,24.89075,48000,19,160
sna,sna_51323,vXEDg10Xu4MxNaneKbHNogUoAkG2,Male,32.42675,48000,17,152
sna,sna_9657,0V0O30nOtCOPDLoWZ1pSZpoGvYp1,Male,15.50675,48000,22,172
sna,sna_9608,3TJZHIth5tY646wZREH7LVRhqhD2,Female,17.13875,48000,19,138
sna,sna_9627,T33w3KIsJJYMb9tmz2XxSYlgpcA2,male,15.93875,48000,19,153
sna,sna_9676,XNh4GlwhoZgZ1I92GNbKMmuDmhv2,Female,15.69875,48000,7,66
sna,sna_9687,13lBLON54icGjb0Hgg2OhJ5AgxJ2,Male,17.37875,48000,17,142
sna,sna_9691,T33w3KIsJJYMb9tmz2XxSYlgpcA2,male,18.57875,48000,27,199
sna,sna_9610,CtZCmGBDOjYnqksPXa5d3Gl7z9i1,Male,20.97875,48000,13,127
sna,sna_9666,1PHOsx2JIpUU4lMLgTd3ssjITjf1,Male,19.15475,48000,17,123
sna,sna_9694,2Q9Qx8uHQ5VAkWNdgqd7mVEeE2u1,Male,19.17875,48000,29,252
sna,sna_9631,6yMVEvNaWJXi2UbPLujF6C4uGVJ3,Female,21.14675,48000,18,138
sna,sna_9693,7erMyYrd9qflZJjN1wOPrEgigQu2,Female,22.41875,48000,33,272
sna,sna_9604,DOToxzuX5sOrpgBfaHxwVNzE7la2,Female,23.54675,48000,23,183
sna,sna_9662,CZQ37aLaUZfNpliatFqfC42MBUC3,Female,24.33875,48000,30,197
sna,sna_9655,IORd2eNihBh3Uz0XkY4LdY9Ehps1,Male,24.19475,48000,21,162
sna,sna_9689,7erMyYrd9qflZJjN1wOPrEgigQu2,Female,26.85875,48000,31,274
sna,sna_60616,2Eud8lyLlsMcciYhmlkwVRtBwi82,Female,15.81875,48000,20,180
sna,sna_60601,T33w3KIsJJYMb9tmz2XxSYlgpcA2,male,18.21875,48000,21,168
sna,sna_60627,x78Xo9rvJUaWam0JDzmvkIufFHp1,Female,18.81875,48000,20,166
sna,sna_60655,oCN8mxzXTwaSHzRN0Uuo4Zd3PSY2,female,18.14675,48000,19,158
sna,sna_60657,HXSmKKHwhSeTISajB4DdrPePyLm2,Female,18.45875,48000,19,139
sna,sna_60625,1PHOsx2JIpUU4lMLgTd3ssjITjf1,Male,21.77075,48000,20,165
sna,sna_60692,CUBWhUHYrpdoA4u6bodqHGer0my1,Female,19.46675,48000,16,116
sna,sna_60633,CUBWhUHYrpdoA4u6bodqHGer0my1,Female,27.26675,48000,23,174
sna,sna_60681,KeZGlSe8KMNMWnnC3l3QPsPAOUH2,Female,24.81875,48000,40,332
sna,sna_60684,Mg2nsqbQ5IR7buwlHrHBQqyf4iZ2,Female,24.98675,48000,38,280
sna,sna_60691,q7CSRCHvTrOuNdrAnuBLhdSnT9I2,Female,27.57875,48000,44,331
sna,sna_86944,6MXQrhAUdeQRGhKRUyE6daG3Qvm2,Male,15.57875,48000,15,126
sna,sna_86975,YbvzAao3AMeJQvwkBlwZVItOsn92,Male,15.57875,48000,26,219
sna,sna_86982,HXSmKKHwhSeTISajB4DdrPePyLm2,Female,15.45875,48000,12,90
sna,sna_86920,0B0oxTbCrKeSD3CojZrSlAt7Je93,Female,16.77875,48000,24,195
sna,sna_86921,7erMyYrd9qflZJjN1wOPrEgigQu2,Female,18.09875,48000,28,216
sna,sna_86953,CUBWhUHYrpdoA4u6bodqHGer0my1,Female,19.46675,48000,14,117
sna,sna_86984,T33w3KIsJJYMb9tmz2XxSYlgpcA2,male,18.09875,48000,22,183
sna,sna_86959,DVRNxPvJnmebFbLnQhG9VSCLhdf2,Male,19.94675,48000,21,184
sna,sna_86978,T33w3KIsJJYMb9tmz2XxSYlgpcA2,male,20.66675,48000,29,216
sna,sna_86973,6MXQrhAUdeQRGhKRUyE6daG3Qvm2,Male,20.30675,48000,21,172
sna,sna_86907,3G2FJSUtrURBAEzZnL5t4lREAXF2,Female,23.61875,48000,13,120
sna,sna_27459,T33w3KIsJJYMb9tmz2XxSYlgpcA2,male,15.57875,48000,21,162
sna,sna_27438,7erMyYrd9qflZJjN1wOPrEgigQu2,Female,17.25875,48000,24,198
sna,sna_27424,6yMVEvNaWJXi2UbPLujF6C4uGVJ3,Female,16.70675,48000,18,165
sna,sna_27491,MRTL0yRE9JYPru6liwSsoRCMIiD3,Male,17.49875,48000,12,122
sna,sna_27426,oCN8mxzXTwaSHzRN0Uuo4Zd3PSY2,female,19.65875,48000,22,173
sna,sna_27408,7UbpWlepR6OHT8S5tcibbkcQWOC2,Male,20.54675,48000,31,245
sna,sna_27497,T33w3KIsJJYMb9tmz2XxSYlgpcA2,male,17.78675,48000,25,169
sna,sna_27453,6yMVEvNaWJXi2UbPLujF6C4uGVJ3,Female,19.89875,48000,24,177
sna,sna_27413,0V0O30nOtCOPDLoWZ1pSZpoGvYp1,Male,21.21875,48000,29,260
sna,sna_27488,Mg2nsqbQ5IR7buwlHrHBQqyf4iZ2,Female,21.14675,48000,24,209
sna,sna_27477,f4LbqfoJ6HXJeYxnuIrfZlP7qaM2,Female,24.62675,48000,22,208
sna,sna_27435,CtZCmGBDOjYnqksPXa5d3Gl7z9i1,Male,25.17875,48000,17,129
lug,lug_96123,188,Male,16.56275,16000,13,105
lug,lug_96152,939,Male,17.82275,16000,23,158
lug,lug_96158,665,Female,23.76275,16000,27,206
lug,lug_96135,1539,Male,43.81475,16000,27,221
lug,lug_54316,1212,Female,19.98275,16000,32,210
lug,lug_54323,175,Female,25.49075,16000,29,213
lug,lug_54328,2515,Male,24.01475,16000,35,246
lug,lug_54379,1487,Female,23.07875,16000,25,181
lug,lug_54395,1428,Male,22.75475,16000,23,159
lug,lug_54360,2474,Male,37.37075,16000,50,386
lug,lug_54391,1500,Male,30.38675,16000,40,233
lug,lug_75981,918,Female,18.39875,16000,19,126
lug,lug_75972,1178,Male,32.33075,16000,29,209
lug,lug_75901,1309,Female,40.89875,16000,52,369
lug,lug_1656,890,Female,27.79475,16000,34,243
lug,lug_1655,891,Female,28.87475,16000,34,222
lug,lug_1686,1741,Male,27.72275,16000,33,223
lug,lug_1648,1585,Male,37.80275,16000,54,353
lug,lug_39021,1155,Female,18.86675,16000,18,139
lug,lug_39033,1671,Female,31.89875,16000,55,353
lug,lug_39072,2563,Female,27.29075,16000,32,265
lug,lug_39086,172,Male,28.62275,16000,40,305
lug,lug_39016,2532,Female,35.49875,16000,31,216
lug,lug_10916,156,Male,28.08275,16000,47,294
lug,lug_10924,650,Female,38.88275,16000,31,243
lug,lug_65887,184,Male,24.30275,16000,27,197
lug,lug_65863,1473,Male,22.35875,16000,30,199
lug,lug_65894,447,,25.85075,16000,44,302
lug,lug_65833,2556,Male,44.06675,16000,46,300
lug,lug_11888,1173,Female,19.29875,16000,21,149
lug,lug_11846,53,Male,20.48675,16000,34,219
lug,lug_11896,939,Male,16.59875,16000,19,138
lug,lug_11852,1309,Female,24.69875,16000,33,228
lug,lug_11841,56,Female,28.94675,16000,49,354
lug,lug_11860,2467,Female,25.92275,16000,34,231
lug,lug_11893,1640,Male,32.94275,16000,34,264
lug,lug_24723,466,Male,5.47475,16000,10,76
lug,lug_24702,1455,Female,21.67475,16000,22,176
lug,lug_24706,157,Female,20.16275,16000,22,161
lug,lug_24734,918,Female,19.08275,16000,16,128
lug,lug_24726,2477,Female,26.42675,16000,29,239
lug,lug_24745,1455,Female,23.00675,16000,23,178
lug,lug_24799,1734,Male,21.67475,16000,39,268
lug,lug_58538,673,Male,27.90275,16000,27,214
lug,lug_58599,2466,Female,41.94275,16000,45,310
lug,lug_87509,39,Female,19.58675,16000,18,120
lug,lug_87554,675,Female,18.21875,16000,28,181
lug,lug_87525,56,Female,22.64675,16000,33,216
lug,lug_87556,163,Male,19.65875,16000,17,142
lug,lug_87577,968,Male,42.05075,16000,48,320
lug,lug_5642,1635,Male,17.60675,16000,28,239
lug,lug_5631,192,Female,20.09075,16000,26,184
lug,lug_5684,667,Male,16.70675,16000,17,104
lug,lug_5675,1067,Female,30.53075,16000,39,284
lug,lug_44281,433,Female,16.09475,16000,27,183
lug,lug_44244,1619,Female,18.29075,16000,28,150
lug,lug_44283,447,,21.24275,16000,31,251
lug,lug_44284,2538,Male,22.71875,16000,41,247
lug,lug_44249,1663,Female,42.19475,16000,60,430
lug,lug_56470,2477,Female,17.67875,16000,21,159
lug,lug_56454,163,Male,20.95475,16000,24,167
lug,lug_56452,192,Female,18.03875,16000,19,139
lug,lug_56445,433,Female,21.02675,16000,32,229
lug,lug_56423,433,Female,21.45875,16000,28,165
lug,lug_56407,2465,Male,28.40675,16000,28,214
lug,lug_56427,2604,Female,24.51875,16000,22,151
lug,lug_56417,666,Female,25.20275,16000,14,102
lug,lug_56476,148,Female,25.59875,16000,28,220
lug,lug_56463,1428,Male,35.82275,16000,43,293
lug,lug_1945,193,Female,16.27475,16000,20,146
lug,lug_1912,180,Female,18.90275,16000,8,57
lug,lug_1977,433,Female,17.85875,16000,26,184
lug,lug_1980,181,Female,16.20275,16000,14,118
lug,lug_1935,194,Male,25.92275,16000,15,108
lug,lug_1942,921,Male,19.37075,16000,19,149
lug,lug_1925,1263,Female,42.77075,16000,90,607
lug,lug_94660,889,Male,22.17875,16000,23,171
lug,lug_94650,153,Male,20.77475,16000,23,154
lug,lug_94638,1309,Female,22.32275,16000,30,203
lug,lug_94691,1483,Female,21.38675,16000,44,281
lug,lug_94635,2500,Male,39.13475,16000,28,202
lug,lug_94698,1542,Female,37.47875,16000,52,396
lug,lug_67268,166,Male,17.13875,16000,19,141
lug,lug_67259,667,Male,17.53475,16000,15,100
lug,lug_67296,1741,Male,21.45875,16000,24,174
lug,lug_67254,1413,Female,27.90275,16000,38,282
lug,lug_67244,968,Male,34.85075,16000,32,214
lug,lug_47152,146,Female,19.47875,16000,31,209
lug,lug_47190,1408,Male,19.08275,16000,27,149
lug,lug_47107,2465,Male,29.91875,16000,34,226
lug,lug_47111,2571,Female,33.44675,16000,28,215
lug,lug_47105,1500,Male,33.51875,16000,36,255
lug,lug_88621,45,Female,15.87875,16000,19,143
lug,lug_88657,1484,Male,17.21075,16000,25,207
lug,lug_88619,919,Male,19.04675,16000,13,95
lug,lug_88626,677,Male,18.54275,16000,30,200
lug,lug_88675,185,Female,18.72275,16000,17,127
lug,lug_88663,1720,Female,32.11475,16000,38,281
lug,lug_72508,1462,Female,19.51475,16000,21,161
lug,lug_72555,1068,Male,22.21475,16000,21,130
lug,lug_72583,1209,Male,17.93075,16000,21,161
lug,lug_72575,189,Male,22.64675,16000,31,224
lug,lug_29861,178,Female,17.53475,16000,16,117
lug,lug_29867,1633,Female,22.46675,16000,25,224
lug,lug_29810,1411,Male,22.86275,16000,27,214
lug,lug_29899,663,Female,16.99475,16000,15,134
lug,lug_29871,1622,Female,28.87475,16000,35,250
lug,lug_29828,897,Female,44.21075,16000,46,289
lug,lug_29866,2576,Female,44.10275,16000,45,351
lug,lug_7922,153,Male,20.05475,16000,20,141
lug,lug_7980,1595,Male,18.43475,16000,26,216
lug,lug_7921,2581,Female,22.64675,16000,21,165
lug,lug_7989,1455,Female,24.05075,16000,32,201
lug,lug_7992,2635,Male,30.06275,16000,39,251
lug,lug_5904,171,Male,17.53475,16000,8,69
lug,lug_5921,889,Male,20.23475,16000,20,162
lug,lug_5902,792,Male,22.14275,16000,29,215
lug,lug_5988,170,Male,18.29075,16000,44,303
lug,lug_5971,1221,Female,22.64675,16000,19,120
lug,lug_5992,1701,Male,24.05075,16000,22,171
lug,lug_5916,39,Female,31.10675,16000,37,228
lug,lug_5909,1413,Female,34.74275,16000,38,284
lug,lug_5963,1449,Male,36.93875,16000,37,277
lug,lug_93844,666,Female,16.38275,16000,13,93
lug,lug_93853,192,Female,17.67875,16000,20,167
lug,lug_93830,650,Female,25.38275,16000,23,183
lug,lug_93833,1701,Male,21.85475,16000,23,172
lug,lug_93815,1475,Male,26.28275,16000,28,199
lug,lug_93888,166,Male,18.39875,16000,28,165
lug,lug_93898,794,Female,20.95475,16000,28,214
lug,lug_93843,1448,Male,41.72675,16000,62,443
lug,lug_73727,666,Female,16.63475,16000,14,83
lug,lug_73719,2596,Male,20.37875,16000,26,183
lug,lug_73734,921,Male,19.33475,16000,14,116
lug,lug_73758,159,Male,19.94675,16000,29,220
lug,lug_73794,157,Female,20.01875,16000,23,182
lug,lug_73793,1216,Male,25.88675,16000,32,208
lug,lug_73775,2476,Male,29.81075,16000,27,197
lug,lug_35063,2528,Male,19.47875,16000,20,128
lug,lug_35033,1546,Female,19.58675,16000,25,181
lug,lug_35089,171,Male,17.17475,16000,12,101
lug,lug_35010,2481,Female,27.90275,16000,29,219
lug,lug_35048,1717,Male,28.26275,16000,33,247
lug,lug_61340,1196,Female,17.46275,16000,27,172
lug,lug_61394,666,Female,16.20275,16000,18,104
lug,lug_61368,194,Male,21.63875,16000,15,105
lug,lug_61363,1221,Female,23.72675,16000,21,134
lug,lug_61358,2487,Female,25.85075,16000,26,178
lug,lug_26500,1710,Male,17.75075,16000,13,94
lug,lug_26502,1392,Male,18.61475,16000,18,119
lug,lug_26579,667,Male,16.95875,16000,15,119
lug,lug_26547,1481,Male,42.01475,16000,57,418
lug,lug_29453,466,Male,5.79875,16000,14,112
lug,lug_29452,1620,Male,21.13475,16000,17,124
lug,lug_29487,794,Female,20.88275,16000,25,166
lug,lug_29472,56,Female,22.86275,16000,36,242
lug,lug_29494,1486,Male,24.37475,16000,24,173
lug,lug_29493,2590,Male,25.09475,16000,26,192
lug,lug_50247,155,Male,17.64275,16000,15,122
lug,lug_50227,648,Male,17.13875,16000,20,125
lug,lug_50251,1411,Male,21.92675,16000,22,189
lug,lug_50295,890,Female,24.08675,16000,36,260
lug,lug_50269,919,Male,43.16675,16000,45,318
lug,lug_50270,922,Female,43.99475,16000,68,488
lug,lug_3194,466,Male,4.93475,16000,10,63
lug,lug_3140,666,Female,16.45475,16000,16,119
lug,lug_3119,42,Female,18.43475,16000,24,182
lug,lug_3168,157,Female,16.81475,16000,21,156
lug,lug_3180,1641,Female,19.08275,16000,16,118
lug,lug_3175,186,Male,23.61875,16000,33,259
lug,lug_3197,1595,Male,25.95875,16000,43,285
lug,lug_3188,2603,Female,37.73075,16000,43,311
lug,lug_3122,897,Female,44.13875,16000,52,348
lug,lug_10759,921,Male,17.53475,16000,20,132
lug,lug_10744,160,Female,21.99875,16000,37,271
lug,lug_10782,1416,Female,22.50275,16000,35,230
lug,lug_10732,921,Male,22.93475,16000,24,183
lug,lug_10784,2626,Male,23.65475,16000,31,249
lug,lug_10771,896,Male,41.43875,16000,47,347
lug,lug_10760,1240,Female,42.19475,16000,52,374
lug,lug_60104,466,Male,6.05075,16000,9,81
lug,lug_60129,146,Female,17.17475,16000,27,187
lug,lug_60199,1573,Female,17.31875,16000,24,144
lug,lug_60195,44,Male,20.34275,16000,36,239
lug,lug_60145,2500,Male,38.70275,16000,33,249
lug,lug_72971,1484,Male,17.96675,16000,28,200
lug,lug_72944,648,Male,17.13875,16000,11,87
lug,lug_72905,2581,Female,25.70675,16000,28,204
lug,lug_11426,163,Male,18.75875,16000,15,129
lug,lug_11429,1371,Female,18.21875,16000,17,133
lug,lug_11430,1484,Male,21.13475,16000,31,226
lug,lug_11476,1178,Male,20.95475,16000,17,132
lug,lug_11454,2548,Female,25.13075,16000,38,286
lug,lug_11428,947,Male,28.08275,16000,36,263
lug,lug_11443,184,Male,44.21075,16000,36,297
lug,lug_36309,178,Female,19.83875,16000,15,114
lug,lug_36357,160,Female,19.65875,16000,28,202
lug,lug_36347,169,Male,19.83875,16000,46,296
lug,lug_36352,43,Male,21.49475,16000,33,254
lug,lug_36355,1448,Male,41.94275,16000,62,434
lug,lug_4556,1426,Male,21.56675,16000,32,211
lug,lug_4561,155,Male,18.93875,16000,17,129
lug,lug_4552,1153,Female,23.58275,16000,30,196
lug,lug_4573,923,Male,27.54275,16000,26,202
lug,lug_4581,673,Male,27.61475,16000,37,258
lug,lug_4524,1584,Female,33.51875,16000,61,392
lug,lug_92553,2604,Female,23.36675,16000,16,140
lug,lug_92557,1572,Female,42.62675,16000,55,419
lug,lug_51123,1675,Male,17.64275,16000,28,170
lug,lug_51146,889,Male,17.21075,16000,17,126
lug,lug_51112,1309,Female,23.79875,16000,26,210
lug,lug_51119,149,Male,21.42275,16000,16,129
lug,lug_51132,921,Male,24.66275,16000,23,207
lug,lug_51106,39,Female,30.06275,16000,42,275
lug,lug_51129,1256,Male,29.59475,16000,34,233
lug,lug_39458,466,Male,5.61875,16000,14,91
lug,lug_39444,170,Male,15.33875,16000,30,200
lug,lug_39451,1595,Male,18.21875,16000,27,211
lug,lug_39477,1698,Female,16.41875,16000,19,116
lug,lug_39435,792,Male,16.23875,16000,17,127
lug,lug_39450,667,Male,16.74275,16000,16,114
lug,lug_39415,2461,Male,23.72675,16000,15,149
lug,lug_39447,150,Female,22.32275,16000,24,199
lug,lug_39406,2500,Male,26.85875,16000,19,140
lug,lug_39498,1640,Male,21.49475,16000,25,161
lug,lug_39440,1539,Male,28.44275,16000,29,203
lug,lug_39487,1395,Male,28.01075,16000,41,286
lug,lug_52060,160,Female,21.89075,16000,32,215
lug,lug_52066,2510,Male,20.84675,16000,23,145
lug,lug_52086,1562,Male,36.00275,16000,39,281
lug,lug_8701,665,Female,18.43475,16000,29,195
lug,lug_8738,1174,Female,17.21075,16000,24,151
lug,lug_8769,2595,Female,20.52275,16000,18,131
lug,lug_8744,149,Male,18.68675,16000,13,101
lug,lug_8788,790,Female,18.29075,16000,17,109
lug,lug_8704,241,Male,26.06675,16000,28,188
lug,lug_8750,966,Male,24.12275,16000,36,229
lug,lug_8765,161,Female,27.43475,16000,49,334
lug,lug_8710,1256,Male,42.66275,16000,45,317
lug,lug_22809,1209,Male,23.76275,16000,20,139
lug,lug_22817,187,Female,22.50275,16000,12,90
lug,lug_22840,433,Female,24.19475,16000,32,232
lug,lug_22869,187,Female,21.74675,16000,17,133
lug,lug_22843,1539,Male,24.48275,16000,21,156
lug,lug_22820,896,Male,27.36275,16000,30,233
lug,lug_22832,168,Male,33.01475,16000,50,375
lug,lug_22861,2576,Female,44.10275,16000,46,349
lug,lug_22897,966,Male,42.15875,16000,67,452
lug,lug_50028,1784,Male,18.90275,16000,29,252
lug,lug_50033,1602,Male,19.04675,16000,24,154
lug,lug_50041,890,Female,19.15475,16000,27,204
lug,lug_50059,155,Male,21.78275,16000,25,182
lug,lug_50084,1620,Male,17.82275,16000,19,126
lug,lug_50091,918,Female,18.57875,16000,20,138
lug,lug_50029,164,Male,36.68675,16000,48,342
lug,lug_93390,466,Male,5.33075,16000,14,92
lug,lug_93314,665,Female,18.32675,16000,25,189
lug,lug_93357,665,Female,18.36275,16000,24,185
lug,lug_93395,1573,Female,16.45475,16000,18,119
lug,lug_93347,1432,Male,32.22275,16000,40,269
lug,lug_93383,2590,Male,33.98675,16000,38,243
lug,lug_59743,1395,Male,18.50675,16000,22,175
lug,lug_59772,187,Female,19.15475,16000,13,111
lug,lug_59737,1309,Female,27.25475,16000,30,250
lug,lug_59771,1401,Female,26.49875,16000,26,189
lug,lug_59783,1412,Male,24.41075,16000,15,116
lug,lug_59733,27,Female,34.81475,16000,53,328
lug,lug_59747,1097,Female,35.13875,16000,68,506
lug,lug_59729,1481,Male,39.56675,16000,41,298
lug,lug_59751,919,Male,44.06675,16000,47,367
lug,lug_59774,1408,Male,36.93875,16000,53,383
lug,lug_55413,150,Female,18.54275,16000,26,202
lug,lug_55466,2514,Male,26.06675,16000,34,247
lug,lug_55405,1402,Female,39.17075,16000,67,469
lug,lug_46010,195,Female,21.74675,16000,24,164
lug,lug_46018,1178,Male,27.79475,16000,41,255
lug,lug_46038,1597,Male,25.99475,16000,39,273
lug,lug_46012,153,Male,34.70675,16000,45,316
lug,lug_46030,1640,Male,36.14675,16000,39,304
lug,lug_46093,966,Male,39.63875,16000,48,307
lug,lug_41506,466,Male,5.94275,16000,13,90
lug,lug_41557,179,Male,15.98675,16000,13,116
lug,lug_41559,1484,Male,17.46275,16000,24,207
lug,lug_41532,792,Male,16.52675,16000,21,159
lug,lug_41520,156,Male,21.85475,16000,35,268
lug,lug_41546,1178,Male,21.06275,16000,21,155
lug,lug_41584,1484,Male,20.41475,16000,38,295
lug,lug_41508,2481,Female,33.73475,16000,26,165
lug,lug_7638,447,,17.82275,16000,24,154
lug,lug_7683,147,Male,15.48275,16000,18,131
lug,lug_7645,1068,Male,23.47475,16000,26,173
lug,lug_7663,1597,Male,19.83875,16000,31,212
lug,lug_7600,897,Female,44.13875,16000,49,317
lug,lug_90949,924,Female,20.73875,16000,31,248
lug,lug_90908,2466,Female,27.75875,16000,33,220
lug,lug_90901,27,Female,28.65875,16000,37,262
lug,lug_90943,2474,Male,28.29875,16000,41,299
lug,lug_90906,922,Female,44.10275,16000,63,503
lug,lug_71039,195,Female,15.30275,16000,15,107
lug,lug_71074,1546,Female,20.84675,16000,25,201
lug,lug_71037,920,Female,26.82275,16000,40,268
lug,lug_71019,2481,Female,36.61475,16000,28,212
lug,lug_71011,1229,Male,44.06675,16000,51,364
lug,lug_46712,673,Male,22.86275,16000,25,176
lug,lug_46742,1701,Male,29.23475,16000,36,237
lug,lug_89045,239,Male,17.13875,16000,18,129
lug,lug_89032,1221,Female,22.57475,16000,30,194
lug,lug_89065,183,Female,21.67475,16000,25,181
lug,lug_89015,1309,Female,27.39875,16000,34,250
lug,lug_89018,172,Male,39.63875,16000,61,441
lug,lug_9027,156,Male,20.77475,16000,28,241
lug,lug_9045,39,Female,21.85475,16000,22,129
lug,lug_9032,921,Male,24.33875,16000,26,181
lug,lug_9091,1744,Male,26.78675,16000,40,275
lug,lug_9067,1551,Male,35.85875,16000,49,328
lug,lug_42705,666,Female,20.30675,16000,27,165
lug,lug_42701,158,Female,19.83875,16000,16,106
lug,lug_42762,1371,Female,16.77875,16000,24,171
lug,lug_42722,156,Male,20.88275,16000,29,215
lug,lug_42743,187,Female,22.46675,16000,12,113
lug,lug_42712,2481,Female,28.33475,16000,36,242
lug,lug_42729,1322,Female,34.20275,16000,31,252
lug,lug_82576,162,Male,15.80675,16000,11,95
lug,lug_82590,195,Female,16.63475,16000,17,135
lug,lug_82561,176,Female,22.10675,16000,20,139
lug,lug_82544,1584,Female,25.81475,16000,20,123
lug,lug_82535,919,Male,38.19875,16000,42,321
lug,lug_82562,648,Male,41.58275,16000,38,255
lug,lug_35849,901,Male,22.82675,16000,21,166
lug,lug_35805,894,Male,25.95875,16000,29,208
lug,lug_35800,2478,Female,29.23475,16000,34,247
lug,lug_35846,1539,Male,25.92275,16000,16,112
lug,lug_35878,968,Male,22.57475,16000,18,150
lug,lug_41698,466,Male,5.65475,16000,9,72
lug,lug_41611,1546,Female,16.49075,16000,26,182
lug,lug_41638,2528,Male,23.00675,16000,19,119
lug,lug_41653,149,Male,18.14675,16000,17,137
lug,lug_41671,53,Male,20.91875,16000,28,206
lug,lug_41673,167,Female,22.57475,16000,27,158
lug,lug_41694,1608,Male,21.49475,16000,40,260
lug,lug_41690,154,Male,22.46675,16000,21,188
lug,lug_41676,194,Male,26.78675,16000,14,112
lug,lug_41670,942,Female,39.60275,16000,40,317
lug,lug_10453,1551,Male,16.38275,16000,14,117
lug,lug_10482,43,Male,16.38275,16000,24,160
lug,lug_10494,154,Male,18.86675,16000,31,204
lug,lug_10423,1112,Female,32.54675,16000,40,299
lug,lug_80713,648,Male,16.38275,16000,13,96
lug,lug_80791,166,Male,17.78675,16000,24,143
lug,lug_463,667,Male,15.62675,16000,12,104
lug,lug_408,2478,Female,20.66675,16000,23,167
lug,lug_460,1584,Female,24.41075,16000,19,148
lug,lug_459,150,Female,25.70675,16000,43,315
lug,lug_496,2500,Male,41.00675,16000,30,249
lug,lug_477,920,Female,37.29875,16000,44,333
lug,lug_97429,168,Male,18.00275,16000,33,222
lug,lug_97451,164,Male,20.59475,16000,19,130
lug,lug_97480,433,Female,19.29875,16000,27,182
lug,lug_97475,1401,Female,21.09875,16000,18,139
lug,lug_97432,891,Female,28.73075,16000,40,272
lug,lug_97487,167,Female,26.21075,16000,35,269
lug,lug_32921,1453,Male,24.19475,16000,31,206
lug,lug_32996,1552,Male,17.49875,16000,14,103
lug,lug_32988,1455,Female,18.93875,16000,19,151
lug,lug_3019,1196,Female,19.11875,16000,18,147
lug,lug_3044,891,Female,20.91875,16000,20,148
lug,lug_3013,170,Male,23.69075,16000,28,187
lug,lug_3081,188,Male,27.25475,16000,31,246
lug,lug_18619,958,Male,25.38275,16000,29,201
lug,lug_18610,166,Male,33.15875,16000,32,201
lug,lug_18648,1401,Female,34.70675,16000,28,217
lug,lug_18659,2532,Female,39.02675,16000,42,294
lug,lug_74100,175,Female,21.02675,16000,28,214
lug,lug_74112,2515,Male,21.67475,16000,36,224
lug,lug_74170,178,Female,19.22675,16000,19,121
lug,lug_74152,179,Male,20.66675,16000,16,132
lug,lug_29285,1509,Female,25.52675,16000,35,259
lug,lug_29225,2481,Female,36.61475,16000,32,235
lug,lug_23319,179,Male,21.09875,16000,22,165
lug,lug_23355,1233,Female,20.81075,16000,15,119
lug,lug_23367,192,Female,19.76675,16000,20,157
lug,lug_23376,895,Female,20.59475,16000,18,108
lug,lug_23373,1474,Male,20.52275,16000,26,181
lug,lug_23368,1274,Female,23.79875,16000,19,166
lug,lug_23384,1192,Female,20.30675,16000,30,221
lug,lug_23393,56,Female,23.47475,16000,34,227
lug,lug_39583,466,Male,5.90675,16000,8,62
lug,lug_39516,191,Male,18.61475,16000,12,84
lug,lug_39512,161,Female,32.97875,16000,55,408
lug,lug_39509,1768,Female,40.35875,16000,51,362
lug,lug_11139,2478,Female,19.15475,16000,26,167
lug,lug_11167,2635,Male,19.80275,16000,18,130
lug,lug_11133,150,Female,20.05475,16000,31,190
lug,lug_11186,153,Male,18.43475,16000,10,70
lug,lug_11143,1420,Female,22.89875,16000,45,298
lug,lug_11106,2518,Male,29.95475,16000,21,170
lug,lug_11180,958,Male,23.25875,16000,19,156
lug,lug_11171,1448,Male,34.38275,16000,45,314
lug,lug_11136,1256,Male,41.79875,16000,52,362
lug,lug_22910,159,Male,18.50675,16000,31,226
